fefc,f8f8,  f8, 201,fb02, 201, a00, 600,fbfc, 201, 103,fffd, 304, 101,fe01, 102
 3ff, 5ff,fc01, 101, 204,fdfb, 600,  f9, 2fd,ff01, 1ff,   4, 204, 203, 400, 500
fbff, 201,f6ff,f5f9,f8f4, 301, 305,fc00,ff00,fd01,fb00,fdf6, 405,fdf9,   f, 901
fd0b,  fc,fefb,fd00,ff07,fdff, 302,ffff, 400,fd01, 100,ff03,  fc, 2ff, 302,   0
 3fe,fb06,  fa, 9fd,fcfe, 101, d00, 407,fe01, 2fc,   0,faf2,ece4,f3f6, 6f9,fbfa
fafa,fafd,  fb,fcfb,faff,ff08,fdf2,f700,fe09,ff00, 4fa,fe04,fb00,ff0b, 203,fefc
   0, 800,   2,f9f8,f800,fd08,fc07,  fb, 1ff,fe00,   1, 9fe, 402, 4fb,  fd,  ff
fcfa,fd07, 904,  ff,f400,  fc,   0,  ff,  ff,  fe,ff01, 101,   1,   1,  ff,ff01
ff01,   1,ff01,   1,  ff,   0,   0, 100,ffff,ff00,ffff,   1,ff01,   1,   1,ffff
ff00, 101, 101,   1, 100,   0,   0,ffff,ffff, 1ff,ff01,ff01,ff01,ff01, 101, 101
ff00,ff01,  ff,ff01, 100,ffff,  ff, 1ff, 100,   0, 100, 100,ff01,ff00, 101, 101
 1ff,ffff,ff00,ff01,   1, 101, 101,   0,   1,   1,fe01,   0,ffff,ff01,   1,   1
ff01, 1ff,   2,   0, 200,ff00, 1ff,ffff,ffff,ffff, 100,ff00, 100,ff01, 101,   1
ff01,   0,   1,ff00,ff01, 1ff,ffff,  ff,   0,  ff, 101, 100,   1,   0,ff00, 101
  ff,  ff,ff01,ffff,   1,ffff,ff01,   1, 201,  ff,  ff,  ff,ffff,ff00, 1ff,  ff
 102, 100,  ff,ffff,   0, 1ff,   0, 1ff,ffff,ff01,ff00,   1,ffff,ff00,ff01, 101
ff00,ffff,ffff, 100,   0,   1, 101, 101,ffff, 101, 101,ff00,   2, 201, 1ff,ff00
  ff,  ff, 100,   1,   1,   0,ff01,   0, 1ff,ff00,ff00,ff00,ff00,fe00,  ff,ff00
   1,  fe,   1, 101, 1ff,ff01,ff00,   1,ff01, 101, 100,ff00,   1,  ff,fffe,ff00
 101,ffff,  fe,ff00,   1, 101,   0,ffff,  ff,ff01,   1, 1ff,ffff,   0, 101,ff00
ff01,  ff, 101,  ff, 1ff, 100, 101,ff01,   1,  ff, 101,ffff, 100,   0,  ff,ffff
ff00,ff01, 1ff,   0,ff01, 100, 102,   1, 101, 101,   0,   1, 100, 1ff,ffff, 100
 101,   0,ffff, 101,ff00, 101,ffff, 100,  ff, 101,   2,   0,ff01,   1,   1,   1
  ff, 1ff, 200,  ff, 101,   1, 201,ffff, 101,   1,ff01,ffff, 101, 201,ffff, 1ff
ff01, 100,ff00, 1ff,   1,  ff,  ff,ff00, 1ff,ff01,ffff, 100, 101,   1,   0, 101
fe00,   1,ff01,   1,ffff, 100,ffff,ff01,ff00, 100,  ff, 1ff,ff01, 100,ffff, 101
 1ff, 200,ff01,ff00,ff01, 101,ff01,ffff, 1ff, 101,ff01,ffff,ffff, 1ff,  fe,  ff
 101, 101,ff01,fffe,ffff,  ff,  fe,ff01,   1,  ff,ff01,  ff,   1, 100,  ff, 101
 100,ff01, 100,   1, 100,  ff,   0,  ff,   0,ff01,   1,   1,feff,ff00, 100,ffff
ff01,   1,ff00,ff00,   1,   0,   0,ffff,ff00,ff00, 100, 100, 1ff,ff00, 100,ffff
 101,ffff, 101,ff00,ff01, 100,ff01, 101, 101, 1ff,   0,ffff, 101,ff01,ffff, 101
 100,   0,ff00, 100,ffff,   1, 101,ffff, 100, 2ff,ffff,   1, 1ff, 100, 1ff,   1
 1ff, 101,   0,   0,ff01,ffff,   0, 1ff, 101,ff00,ffff,ff01,ff01, 100,ff00,ff01
 100,ff01,ff01,  ff,ffff,  ff,  ff,   1, 100,ff00, 100,   1,ff01,   1,  ff,   1
  ff,ff00, 2ff,ffff,  ff, 1ff, 101, 100,ff00,ff00,ff00,ff01, 100,ff00, 100, 101
   1, 100, 1ff,   0,ff00, 1ff,   0, 1ff,   0,   0,   1,ffff,ff01,ff00, 1ff,ff00
ff01,ff00,   1, 100, 101,ffff,  ff,  ff, 101,ff00,ff01,ff00,ff00,ff01,ff01, 201
 1ff, 101,ff00, 100,ff01, 100, 1ff,ffff,ffff,ff01, 100,   1,ffff,  ff, 100,  ff
ffff, 101,ffff,   1, 100,   1, 100,   1,   0, 101, 101, 101, 101,ffff,ff01,  ff
ff01, 101,  ff, 101,   1,ff00,   0, 100,ff00,ff00,ffff, 100,   0, 101, 101,   1
 1ff,   1,ffff,  ff,   0,ffff,  ff,   1,ff00,fe01,   0,ff01, 1ff,  ff,ff00,ff02
  ff,  ff,   0,ff01,   1,   0,ff01, 1ff,ff00,   1,ff01,ff00,ffff,ff00,ff01, 102
ff00,ffff,   0,ff01,ff01, 101,  ff,   1,   1,  ff,ff00,ff01, 100,ffff,   0,ff00
 1ff,ff00,   0,ff00,ffff,ff01,  ff, 1ff,ff01, 100,   1, 1ff, 101, 100,ffff,  ff
ff01,   1, 1ff, 101,  fe,  ff, 101,   1,ffff,ff00, 1ff, 101, 100, 201,ff00,ff01
  ff,ff00,   1, 2ff,fe01,  ff, 100,   0,   1,   1,ff00,  fe,ff01, 1ff, 101,ffff
ffff,  ff, 101,fe01, 100,ff00,ffff,   0, 100,ff00,ff00, 1ff, 1ff,   0,  ff,feff
 101,  ff,   1,   1,ff00,  ff,   1,  ff,   0,   0,ffff,ff01,   1, 101,   1,   0
ff01,   1,  ff, 1ff,ff00,  ff,ff00,   0, 100, 1fe, 1ff,ff01,feff,ff00,ff01,ff00
ffff,   1, 100,ff01,ffff, 1ff, 1ff, 101,ffff, 1ff,   0,   1, 1ff,ff00,  ff,   0
 1ff,   0, 100, 101,ff01, 1ff,   1,ffff,  ff, 100,ff01,ffff,   1,ff00,ffff,ff01
 100,ffff, 100, 101, 100, 1ff,  ff, 101,ff00, 100,ffff,  ff,  ff, 100,fe02, 1ff
  ff,   1,ffff,ff00,  ff,   0,  ff, 100,ffff,ff00, 101, 101, 1ff,   1, 1ff,ffff
 101, 101, 100,ff01, 100,   1,ffff,  ff, 100,ff00, 100, 1ff, 1ff,ff01,   1, 201
ff01,ff00,  ff, 100,   0,   0, 100,  ff, 100,   0, 100,   1,  ff, 101,   0, 101
  ff,  ff,   0, 1ff, 101,  fe,ff01,ff00, 101,   0,ff00,ff01, 101, 100, 100, 1ff
 101,ff00, 100,  ff,ffff,  fe,  fe,ffff,ff00,   1,ff00,ff00, 101, 101,ff01,   1
   1, 101, 1ff,ff01, 101,  ff, 1ff, 1ff,   1,   0,   0,ffff,ffff,ff01, 100,ff00
 1ff,  ff,   1, 1ff,ff00,ff01, 101,ff01,fe00,ff00, 1fe,   1,   1, 1ff, 1ff, 100
  ff,ffff,ff00, 101, 1ff,ff01,   1,   1, 101,  ff, 101,   0,   1, 100,   1, 201
 1ff, 101,  ff,  ff,ff02,  ff, 200,   0, 100, 101, 1ff, 1ff,   1,  ff, 100,ff01
 200, 101,  ff,ff01,   2,ffff,   1,ff00,ff00, 1ff,ff01,  ff,ff01, 100,ff00,  ff
   1,ff01, 201,   1, 1ff, 1ff,ffff,   0,  ff, 100,   0,ff00, 101,ffff, 1ff,   0
ff00, 101, 101,ffff, 1ff, 101, 100,ffff, 101, 101,ff01,ff01, 100,ff01, 100, 1ff
   1,ff01,   1,feff,ffff,ff00,   1, 1ff, 101, 1ff,  ff, 100,   0, 100,ff00, 100
 1ff,ffff,ff01,ff01,ff00,  ff, 101,   0,   0,   0,ff00,ff00,   1, 1ff,ffff,ffff
ff01, 100, 101, 1ff,  ff,   1,ff00, 100,ff01, 100,   1, 1ff,   0,ffff,   2, 100
  ff, 101,   0, 101,ffff,ffff, 101,   0, 2ff, 1ff,   0, 101,ff01,ffff,ff01,   1
ff00,ffff, 101,ff00, 1ff,ffff,   1,  ff, 1ff, 100,   1,   0, 101,ff01,   1,ff01
   0, 100,ffff, 101,  ff,ff00,ff00,fe00,ff01,   1,  ff, 1ff,   1, 1ff, 100,   0
 101, 1ff,ff01,ffff, 100,ffff,   1,ffff,   1,ffff,ff01, 1ff,ff01,   0,ff00,ff01
 1ff, 101, 100,ff01, 1ff, 100,ff00,   0,ff00,   0, 101,   0,   0,   1,ff00,ff00
ffff, 100,ff01,   1, 1ff, 1ff, 100, 101, 100,ff00,   1,ffff,   1, 100,ff01,fe00
   0,ff01,  ff, 101,   1,   0,ff01,   0, 1ff,   1,  ff,   0, 100, 100,   0,ffff
  ff,   1,   1,   0,ff01,ffff,ff00,ff00, 101,   2, 100, 101, 100,ffff, 100, 101
 101,  ff, 100, 100,   1,ffff,   1, 100,ff00,ff01,ffff, 1ff,ff00,ffff,  ff, 101
 1ff,ffff,ff00, 100, 1ff, 100,   1,ff00,   1,  ff, 100,   1,   1,ff01,ff00,ff01
 100,ff01,   0,  ff,ffff, 101, 101,ff00,   0,ffff, 1ff,ff01,ffff, 100, 101, 101
   0,   0, 101, 101, 101,ff01, 100, 100,feff,ffff,ff01,   1, 1ff,ff01, 101,ff01
 100,ff00, 1fe,ff01,  ff,ff01,ffff, 201, 101, 101, 1fe,ffff,   0,  ff, 101,   0
 100,ffff,   0,ffff,   1,  ff, 100,ff01,   1,   1, 100, 101,   1,ff01, 102,   1
fe01, 100,  ff,ff00,   1,ff01, 1ff,  ff, 101,   1,   1,  ff, 1ff, 101, 100,   0
  fe,ffff, 101,ffff, 101,fffe,   1, 201,   0,ffff, 1ff, 101,ffff, 1ff,   1,   1
 100, 1ff, 101, 101,  ff,  ff,  ff,ff01,   1,ffff, 100,   1,   1,  ff,   1,  ff
   0,   1, 1ff, 101, 101,  ff,  ff,ff01, 100,fe00,ff00, 101,   1,  ff, 101, 100
ff01, 101, 1ff,ffff, 1ff, 101,   0, 101, 101,ffff, 101,  ff,ff00,ff00,   1, 100
 100, 201,   1,ffff, 2ff,ff02, 100,  ff,ff00,  ff, 1ff,ffff, 100,ff00, 101,ff01
ffff, 100,ffff,ffff,ff01, 100, 1ff, 100, 101,   1, 100,  ff, 201, 100,ffff,ff00
ffff, 100,ff01,  ff,ffff, 102,ff01,   0, 100,ff01,  ff,   0,ff00,ff01, 1ff,ff01
  ff, 101,  ff, 101,   1,  ff,ffff,ffff,ff01, 101,ff01,ff01,ff01, 100, 100,ff00
   1,   1,  ff,ff01,   0, 100,ff00,  ff,ff00, 100, 101, 101,ff01, 1ff,  ff, 101
 100,ffff, 1ff,   1, 100, 1ff,ff00,  ff,  ff,   0,  ff,ff00, 1ff,ff00,ff00,   1
   1, 101,   0,   0,ff01,feff,   0,   0,   1,ff01, 100,ff00,   1,  ff,ff01,   0
ff01,  ff, 100,ff01,ff01, 101,   0,   0,  ff,  ff,   1, 1ff, 100,  ff,  ff,ff00
 100,   1, 101, 1ff, 101, 1ff, 100,ff02,ffff,ff00,ff01,   0,ffff, 100,ff00,ff00
  ff,   2,ff01, 100,ff00, 101, 1ff,ffff,   1,   0, 1ff, 100,  ff, 1ff, 100,   1
fe01,ff00, 1ff,ff01,ffff,ff00, 100,   2, 1fe,   0,ff00, 101,ffff,fe01,   1,ff00
ff00, 100,ff00,ffff,ff01, 100,   1, 1ff,ff01, 102,ff00, 1ff, 100, 1ff,ffff,   1
ffff,  ff,ff00, 101,ff01, 100,   1,  ff, 100,  ff,ff01,  ff,ff00, 1fe, 101,ffff
  ff, 100,  ff,   1,ff01,ff00,ff00, 1ff, 100, 101,ff01,ff00,ff01,ff00,ff00,   1
 101, 101, 100,   1,ffff,ffff,ffff,   0,ff00, 1ff,  ff,ffff, 1ff,ffff,   0,   2
ff00,   0,   0,   0,   1,  ff, 101, 101, 1ff, 101,  ff,ffff,ff00,   0, 102,ff00
   1, 101, 1ff, 101,ff01, 101,  ff,ff01,ff00,ffff,ff00,ffff,  ff,  ff,   0,   0
   0,   0,   0,   0,   0,   0,   0,   0,   0,   0,   0,   0,   0,   0,   0,   0
   0,   0,   0,   0,   0,   0,   0,   0,   0,   0,   0,   0,   0,   0,   0,   0
   0,   0,   0,   0,   0,   0,   0,   0,   0,   0,   0,   0,   0,   0,   0,   0
   0,   0,   0,   0,   0,   0,   0,   0,   0,   0,   0,   0,   0,   0,   0,   0
   0,   0,   0,   0,   0,   0,   0,   0,   0,   0,   0,   0,   0,   0,   0,   0
   0,   0,   0,   0,   0,   0,   0,   0,   0,   0,   0,   0,   0,   0,   0,   0
   0,   0,   0,   0,   0,   0,   0,   0,   0,   0,   0,   0,   0,   0,   0,   0
   0,   0,   0,   0,   0,   0,   0,   0,   0,   0,   0,   0,   0,   0,   0,   0
   0,   0,   0,   0,   0,   0,   0,   0,   0,   0,   0,   0,   0,   0,   0,   0
   0,   0,   0,   0,   0,   0,   0,   0,   0,   0,   0,   0,   0,   0,   0,   0
   0,   0,   0,   0,   0,   0,   0,   0,   0,   0,   0,   0,   0,   0,   0,   0
   0,   0,   0,   0,   0,   0,   0,   0, 104,fefc, 404,f002,e9e6, 4f8,f0ff,f9ff
 105,f2fd,e4e9, 1fb,fe04,eef5, 40b, 404,f3f6, 409, 809, 707, 909,ff08,f7f1, 9fd
f707,  f6, 8fb,fe04,f7f8, 8f4, 509,fafe, 9fc, 909,ebfe, 9ff,fefe,fdfc,fefe,e8fe
f7f9,fef6,e2fb,eaf2,fef3,fefc,e4fd,fef1, 2fe,f109,fef3,fefe,e7f7,fef6,   0,  fd
   0,fd00,fdf9,  f9,fd00, 2f5,  f0, 805,fe05,  ef, 600, 90e,  ef,   0, 107,  f4
fc00,fbfb,   0,f9fe,ebf6,  f5,f9fc, 101,fcfe,fb02,f4f0,fcfc, 300, 303,   4,   0
 900,   3,f9f3,fbf6,f3f3,f7f6, b12,f3fc,eef7,edf8,f9fe, 4f3,f300,f8fb,f4f3,f3fd
f3f7,f3f3,f5f7,f3f6,fbfb,fb03,fbfb, 8fb,fb0d,fbfb,fefb,fefc,fbfc,fcfc, bfb,fb02
fbfb, 6fb,fbfb,fbfb,fffd,fbfb,fb00,f9f6,   0,fcfd,e5d2,  ef, 5fd, def,fbea,f804
f8ef,fce2, 200, 5fc,  ee,   0,ff03,  f3, 400, 502,   0, 302, f04,   6,ff03,fdfc
 401, 4fc, 107, 3fd,fb00,f8fb,  fc,   0,f3fe,  fc,   0,   2,   0,fc00, e02,   a
 7ff,fc03,  fc,  ff, a13,   7,   0,fd01,  fc,   0,fafe,  fc,  fe, 103,fefe, 1ff
 40b,fe03,fafe,f803,   8,fbfa,fefc,ff09,fafe,f7f7,fe07,fefe,f8f9,fe05,ff00,fefb
   0, 5ff,f6ec,  fa, 701, afb,fffd,fb00,fef3,fff6,fc00,  f6,  fe,   0, 301,  fe
 101,ff00, 101,   0, 101, 101,   1, 1ff, 101,ff00,   1,   0,ff01,ff01,ff01,ffff
 101, 100,ff00, 100,  ff,ff01,ff01, 1ff,ff01,   0,   0,  ff, 101,   2,ffff,ff01
ff01, 100, 100,fe01, 1ff,   2,ffff, 100,ffff,   0, 101, 1ff,   1,  ff,   0, 1ff
fffe,ff01,   1, 101,   0,   1,ffff,ff01,ff01,   1,  ff,  ff,ff00,ff00,   0,ff00
 1ff, 101, 1ff, 100,ff01,ffff,  ff,ff00,   1,  ff,   1, 100, 101,ffff,  ff,   1
  ff, 101, 100, 101,  ff,ff01,ffff,  ff,ff00, 100, 101, 100, 2ff,  fe,ff00, 101
   0, 100, 1ff,   1,ff01,   0,ff01,fffe,   1,ff00,ff01,ff00,fe00,ff01,ff00, 201
 101, 100,ffff,   1,ffff,ff01, 101, 101, 100,  ff,   1,  ff,   1, 100,   0, 100
 101,ff00, 101,ff00,ff01,ff00, 1ff,ff01,ffff,   1, 101,ff01,ff01, 1ff, 101, 101
 101,ff01,ff00, 101, 101,ffff, 101,  ff,ff01, 100,ffff,   0,   0, 200,  ff,ff01
 1ff,ffff,  ff,ffff,  ff,   1,ff01, 100,   0,ffff, 1ff, 1ff, 100, 100, 101,  ff
ffff,ffff,ff01,ff00, 100,ff00,  ff, 100,   0,ff00, 1ff,   0, 101,ff01,ff00,ffff
   0,fe01,   0, 1ff,ff01,   1,ff01, 101, 1ff,ff01,ffff,   0,   0,   0, 100, 1ff
ffff, 1ff, 101,ffff,ff01,   0, 1ff, 100,ffff,ffff,ff00, 100,ff00,   1,ff01,  ff
ffff,ff00,ff01, 1ff,   1, 101, 1ff,fe01,ff01, 1ff,   0, 1ff,   0,   0,ff00, 101
ff00,ff01,  ff,ffff,ff01,ff00,ffff,ff01,   0,   0, 100, 2ff,ff00, 1ff,   0,  ff
 1ff, 100,   1,   0,fe01,ff01,ff00,ffff, 100,  ff,ff01,  ff, 2ff, 101, 101, 1ff
 100, 1ff,feff,   1,   1, 100,ff01,  ff,ff01,ffff,  ff, 100,ff00,ffff,   0,   0
ff01,   1,ff00, 101,ffff, 1ff, 100,   0,ff01,ff01,   1,   0,ff00,ff01,ffff,  ff
 101,ffff,  ff, 100,   0,fe00, 200, 101,  ff,ff01, 1ff,  ff,  ff, 100,ff01,  ff
 101,ff00, 101,  ff, 100, 100,ffff, 100, 101,ff00,ffff,ffff, 1ff, 100,ffff,   0
   1,ffff, 100, 100,ff00,ffff,ff00, 1ff,ff00,ff01,   0, 100,ff01,ff01, 1ff,  ff
   0,ffff, 101,   0, 100, 101,   0,  ff,   0,   1, 101,ffff,  ff, 101,   1,  ff
 1ff, 100,  ff, 1ff,   0,ff00,  ff, 1ff, 100, 1ff,   1, 100,ffff,   1,   0, 201
 1ff, 1ff, 100,  ff, 101, 100, 101, 1ff,ff00, 100, 101, 100,  ff,   1,  ff,   1
   0,   0,ff01, 101, 1ff,   1,   2,   0,   0, 1ff,  ff,ff00, 100, 100,  ff,   0
ff01,   1,   1,ff00, 101,   1, 100, 1ff,   0, 1ff, 1ff,  ff,  ff,ff00, 1ff,ffff
 100,ffff,ff01,  ff, 100,  ff,   1,ffff,ffff, 100, 1ff, 100,  ff, 1ff,ffff, 101
   0,ff01,   0, 100, 1ff,  ff,ff00,ffff, 1ff, 101,ffff, 1ff, 100, 1ff,ffff,ff01
ff01, 1ff,ffff, 101, 101,   0,ff01, 102,  ff, 100,ffff, 101,ffff,ff00,ffff, 1ff
 100,ff01, 100,ff01,ff00,  ff,ffff,ffff,   1,fffe,ffff,   0,ff00,ff00,   1,fe00
 100,   1,ff01,ff01,  ff,  ff, 1ff, 100,ffff,ff00,ff01,   0, 100,  ff, 100, 100
ffff, 100,  ff,   1,  ff, 101, 100, 100,ff00, 1ff,   0,ffff, 101,ff01,  ff,   1
 101,   0,   0,   0, 101,   0, 101,  ff,   0,ffff,   0, 101,   1,   0,ff00,ff01
 1ff, 1ff, 101,   1,ff01,ff00, 1ff,ffff, 1ff, 100,  ff, 100, 100,  ff,ff00,ff01
 100, 100, 1ff,ff00,fe00,   1,   1,ff01, 1ff,ff00,   1,   1,  ff,   0, 100, 100
 102,ff01, 2ff,ff01,ff01,  ff,  fe,fffe,ff01, 100,  ff,   0,   1,ff01,ffff,ff00
 101,ff01,  ff,ff00,   1,ffff,   0,ffff,ffff,ff00,   0,ff00,   1,ff01, 101, 101
ff00, 100,   0,ff01,ff00,   1, 101, 100,ff00,   0, 100, 100,ff01, 101,ff01, 1ff
 100,   1, 100,ff01,  ff, 101,  ff,ff00,ffff,   0,   1, 101,ff00,   1,ff01,  ff
ffff,   1, 100,   1,ff01,   0,   1, 101,   1,   0, 101, 101, 100,ffff, 2ff, 1ff
   1,   0,ff00, 2ff, 100, 100,ff01,ffff,feff,   1,   1,   1,   0, 1ff,   1,  ff
ff00,ffff,ff01,ff00,  ff,   1,ffff,  ff,   1, 101, 101, 100,ff01,ffff, 101, 101
   0,  ff,   1,ff01, 1ff,  ff,   0,   1,ff01,   1, 1ff, 101,   0,ff01,ffff, 100
 101,   1,ffff, 1ff,ff00,fe01,ffff,ffff, 1ff, 100,   1, 101,   0,   0,  ff,   1
ff01, 1ff,  ff,ff00,fffe,ff00, 100,ff01,   1,   1,ff00,ff00, 101,ff00,ff00,ff01
 1ff, 1ff, 101,  ff,   0,ff01, 101,ff00,  ff,  ff, 1ff,   1,   1, 100, 101,   1
 101,ff01,ff00, 100,ff01,ff01,   1, 100, 100,ff00, 100,ffff, 100,  ff,  ff,ffff
   0,ffff,   1, 101, 1ff,   0,ff00, 101, 101, 1ff,   1,   1, 101, 101, 100,  fe
ff01, 100,   0, 100,   0,ff01,  ff,   0, 100,ff00,ffff,   0, 1ff,ff00, 1ff,  ff
fe01,  ff,   0, 101, 101,   0, 1ff, 1ff,   0,ffff,   1,ffff,   1, 1ff, 100,ff01
ff00,ff00,  ff, 100,ff01,ff00,ff01, 100, 100,   0, 100,ff00,ff00,ff00, 1ff, 101
ff01, 1ff,   0,ff00, 101,ff00,  ff,ff01,ff01,ffff, 1ff,ff00,   0,ffff,ffff,ff01
  ff,  fe,ff01,  ff,ff01,   0, 101, 200,ff00,ff00,   0, 1ff,   1,   1,   0, 100
ff00,   1,ffff,ff00,  ff, 100, 1ff, 1ff,ff00, 100,   1,ff00,   0,  ff,ff00,  fe
  ff,ff00, 1ff,   0,  ff, 100,  ff, 1ff,  ff, 1ff,ff00,ffff, 100,   0,   1, 100
  ff,ff01,   0, 100,ffff,ffff,   1,   1, 101,ffff,   1, 101, 100,  ff, 101,   0
   2, 1ff,  ff,ff01, 1ff, 101, 100,  ff, 1ff,ffff,ffff, 100,ffff,ffff,   1, 101
ffff,ff00,ff01,ffff, 1ff,ff01, 1ff,   1,   0, 100, 101,   0,  ff, 100,ff00, 100
ffff,   0,   1,ff00, 201,ff00,fe01,ff01,   1,ff00,ff01,   0,   0, 101, 1fe,   1
 101, 100,ffff,   1, 100,ffff,   1,   0,ffff, 101, 1ff,ff01,   1,   0, 101, 1fe
 100,ff00,ff01, 100,   0,ff00,ff00,  ff, 1ff,ffff, 100,   0,ffff,   0,   0, 1ff
ff01, 101,ffff,  ff, 101,  ff,  ff,  ff,ff02,   0,ff01,feff,ff01,  ff, 101,ffff
 101, 101,   0,ff00,ffff,ff01,ff00, 1ff, 101,ff00,   0, 101, 1fe, 100, 1ff,ff00
 1ff,ff01, 101,   0,ffff,ff01,ff00,   1,  ff,  ff, 1ff,ff01,ffff,   0,   0, 1ff
ff01,ffff, 101,ff00,ff01,  ff,ffff, 101, 1fe, 1ff, 101,  ff,ff00,ffff, 1ff,ff00
  ff,ffff, 1ff, 100,ff02, 100,   1,   1,  ff,ffff,ff00, 101, 100, 100,  ff,   0
 1ff, 100, 1ff,ffff, 1ff,ffff, 100, 101,  ff,ff01, 101,ffff,ff00,ff01,ff00,ff01
ff01,   1, 1ff,  ff, 1ff,   1, 101,ffff,  ff, 100,  ff, 101,ffff,ff01, 200, 101
 1fe,ff01, 1ff,   1, 100,   0,ff00,ff00,ff01,ffff,ffff, 100,ff01,   0,  ff, 1ff
ff00,ff01, 101,   0,   0, 100,  ff,   1,   0,   1,  ff,ffff,ffff,ff01,   2, 1ff
 1ff,  ff,ff01,  ff,  ff,   0, 101, 1ff, 1ff,   0,  ff,ff00,ff00,ffff,   1,ffff
  ff, 101,ff01,   1, 100,   0,  ff,ff01, 100,   1,   1, 100, 100,ffff, 1ff,ffff
 201,ffff, 100,  ff,  ff,ffff, 1ff,   1,  ff,   1, 100,   0,ffff, 200,ff00, 101
 101,  ff,ff01,ffff,   1,ff01,   1,   0,   1,ff02, 101, 100,  ff,ff00,ff00, 101
 100,   1,ff00,   1,   0, 2ff, 1ff,ff01,ff00,  ff,ff00, 101, 100,   1, 1ff,   0
 100,   2, 1ff, 101,   2, 1ff,ffff,   1, 100,ff00, 1ff,   0,ff00, 101, 100,ff02
ff00, 101,   1, 1ff,ffff,   1,   1, 100, 1ff, 101, 101, 201, 1ff,ff00, 1ff,  ff
 1ff,ff01,   0,   0,ffff, 100,ff01,ff00, 101,fe00, 100, 1ff,ff01,  ff, 102,ff00
 101,   0, 1ff,ffff,   1, 1ff,ff01,ff00,ff01,  ff, 101,fe00,ff00,  ff,ffff, 100
ffff,ff01,ff01, 101,   1, 1ff, 100,ff00, 101,  ff, 101,ffff,   0,ff01,ffff,ffff
ff01,ff01,ff01,ff01,fffe, 101,   1,ff00,   1,fe00,ff00,ff01,ff00,ff00, 101,ffff
ff01, 101,ff01,ffff,ffff,  ff, 101,  ff, 1ff, 2ff, 102, 101,ffff, 1ff,   2, 100
  ff,   1,   0,ff00,  ff, 101,  ff,ff01,  ff,ff00,   1,   1,ffff, 100,ff01, 100
 1ff, 101, 1ff, 1ff,ff00, 101,  ff,   1,  ff,ffff, 1ff,ff01,   0, 101, 1ff,ff01
ffff,  ff, 201,  ff, 1ff,ff00,ff00,   1, 100,  ff,ff01,ff01, 2ff, 102,  ff, 100
  ff, 101,ff01, 1ff,ff00,ff00, 101, 100, 100, 100,   1, 101, 1ff, 100, 2ff, 1ff
   0, 1ff,  ff,   0,   1, 1ff,ff00, 101,   1,ffff,ffff,   1,ffff,ff00,ffff,ffff
   0,ffff, 100, 1ff,ff00, 101,ffff,ff01, 2ff, 1ff, 1ff,ff00,ff00, 100,ff01,ff01
   2,ff00, 100,ff01,   0,ff01, 102,   1,   1,  ff, 101,   0, 100, 100,ffff,   1
 1ff,   1,   1, 100,  fe, 1ff,ff01,ff01,ff01, 101,ff01,   1,ffff, 100, 100, 101
 101,   0, 1ff,ff01,ffff, 101,  ff,   0, 100,ff01,   1,ff01,   0,  ff,ff01, 100
 101,  ff,  fe, 100, 101,ffff, 101, 1ff,ff01,ff00,  ff,ffff,ffff,  ff, 200,ff00
 1ff,ff01,ff00,ff01,  ff,ff00,   1, 101, 2ff, 100,ff01, 2ff,  ff, 1ff,   1,   0
   1,ff00, 1ff,ffff,  ff,   1,ff00,ff00, 101,  ff,   0,   0,ffff,   1, 100, 100
ff00, 101,ffff,ff00,  ff,ff01,   0,  ff,   1,  ff,ff01, 101, 101,ff00,   0, 100
ff00,ff01, 1ff,ff00,ffff,ffff,ff01,ffff,   1,ffff, 100,ffff,   1,   0,   0, 1ff
 101, 1ff,ffff,ff01,ff01,ff00, 1ff, 100, 101, 101, 1fe, 100,ff00,   0,ffff, 101
ffff,   0,   1,  ff,  ff, 101, 100, 100, 101, 1ff,ffff,ff01, 1ff, 101,   1,ff01
ffff,ff00,  ff,ffff, 101,  ff, 101,  fe,ffff,ff00, 2ff,ff01,ff01,   1,   1, 100
ffff,ffff, 1ff,   1,ff00,   1, 100, 1ff, 1ff, 100,   0, 1ff,   1,ff00,ffff,   1
ff01,   0,ff00,ff00,  ff, 100,ff01, 1ff,   1,   1, 1ff,   0,  ff,ff00, 100,ff00
 101, 101,ff01, 100,   1,ff00,ffff, 1ff, 101,  ff,ff00,   0,ffff,   1,   0,ff00
 100, 101,   0,   1,feff, 101,   1,ffff,  ff,ffff,ffff,   1,  ff,ff00,ff00, 101
   1, 101,  ff, 101,  ff, 100, 100, 101, 1ff,   0,  ff,ff01,   0, 100,ffff,   0
ff01,   0,ff01,  ff, 1ff,  ff,ff00, 1ff,ff00, 1ff,   0, 1ff,ff00,   1,ff00,   1
   0,   1,   0,  ff,ffff,ff02,   1,  ff, 100,ff01,ff01,  ff,   1, 100, 1fe,ff00
   0,   1,   0, 1ff,ffff,ff00,ff00,ffff,   0,  ff,ff00, 100,  ff, 101, 101,   0
 100, 100,ff01,  ff,ff00,  ff,ffff, 101, 1ff,   0, 100,   0, 201,ff00, 100, 100
 102,   1,ff01,  ff,   0,ffff, 1ff,   0, 101,   0, 1ff, 100, 101, 101,  ff, 100
 1ff,   1,   1, 100,ff00,ff00,   0,ff00,   0, 101, 1ff,  ff,ffff,ff00, 100, 100
 1fe,   0, 100,ff00,ff01,   1,ff01,ffff, 101,  ff, 101, 101,   0,  ff,ff01,ffff
ff01,ff01,ff00, 100, 1ff, 1ff,   1,   1, 100,  ff,ff00,ff01,ff01,   1,   1, 100
   0,   1,  ff, 100,   1, 101,   0, 1ff,ff02, 101,ffff, 202, 200,   0,   1,   1
   0,  ff,ff00,   1, 1ff, 100, 200,   1,ffff,ff01, 101,ffff,  ff,   0,   0,  ff
  ff,   0,   0,ff00,ff00, 100, 1ff,   1, 1ff,ffff,ffff,  ff,ff00,ff01,   0,ff01
   1, 101,ff01,ff01,ff00, 100,   1,  ff,ffff, 1ff,ff01,ffff, 100, 100,ffff, 101
 100,   2,ff01, 100,   1,ff00, 100, 1ff,  ff,ff01, 101, 101, 1ff,   1,   0,ff01
 1ff,  ff,   1,ffff, 100,ffff,   1,   1,   1, 100, 101,ffff,   0, 101,feff,   1
 1ff,ff02, 100, 1ff,   1,ff01,   0, 1ff,ffff,   1,ff00, 1ff, 100,   1,ffff, 101
   1,  ff,ff01, 101, 101,ff00,   1, 1ff, 1ff,ff00,   1,   1, 101, 102, 101, 1ff
   1, 1ff,ff00, 100, 100,ff00, 100, 100, 102,ff00, 101, 101,   1,   0,   0, 1ff
 100,  ff,ffff,   1, 101,  ff, 101,ff02,   1,   0, 100,   1, 201, 200,  fe,ff02
   0, 2fe,fffe,feff,fe00, 101, 1ff, 1fe, 200,  ff,  fe,ff00, 101, 100,  ff,ff00
 200, 2ff,   0,   1, 202, 101,   1, 101, 1ff,fe00, 1ff,ff01, 102, 100, 100,ff00
  fe, 100,  ff, 1ff, 101,ff00,ff00,   1,ff02, 101,ff01, 201,ff01,  ff,fe00, 1fe
  ff,ff01, 200,   1, 2ff,   0,ff00,feff,   1, 101,ffff,   0,   0,   0,   0,   0
   0,   0,   0,   0,   0,   0,   0,   0,   0,   0,   0,   0,   0,   0,   0,   0
fd03, 1fd,fffd,feff, 300,ff02, 401, 101,ffff,ff01,   2, 302,   1,  ff, 201,fd00
ff02,   1, 1ff, 3fc,  ff,ff00,ff01,  ff,   2,  ff, 3ff,fc00, 3ff,   0,ff02,feff
  ff,ff00, 201,fffd, 102,ff00,fe01,fffc, 200,   0,   0,   2,   3, 1fe,   3,ffff
 301, 401, 302, 2fe, 204,  fe, 100,fffe,fffe,   0,   1, 201, 3fe,ffff,ff00,ff02
 2ff,ffff,   0,  ff,  ff, 101,ff01,ff01, 1fe,  ff,   0,fffe,ff01,ff00,fffe,ffff
ffff, 1fe,   0,   1,   0,   0,fffd,fe03, 102,  ff,fe03,ff01,   1,  ff,   0, 100
 201, 100,fe01,   0,fd01, 3ff,ff01,ffff, 101, 102,ff02,fffe,   1, 100,ff01,fffe
  ff,ff01,  ff,  ff, 1ff,   2, 1ff,ff00,   0,ffff,fffe, 1fe,   3,   1,  fd,   0
   0,fffd,   2,   2,ffff,ffff,ff00, 1ff, 101,  ff,ffff, 100,fffe,ff02,   4,fefe
   1,ff01, 100,  fd, 100,   0,fe00, 100,fe01,ffff,ffff,   1,   2,ff00,fd00, 100
 103,ffff,   1,feff,  fe, 202, 200,   1, 100, 100,   0,ff02,   0,   0,   0, 200
fe01, 202,   1,fefe,fe00, 1fe,   0,   1, 201,   0,   2,fffe,fe01,ffff, 100,   0
  ff,  ff,ffff,   0,ff01, 101, 101,   0,ffff, 2fe, 1ff,   1,ffff, 100,ffff,   0
fe02,  fd,   0, 101, 201, 2ff,ff01, 1ff, 1ff,   0,   0,  ff,   0,  fd, 200,ff00
 200,ffff,  fc,fe00, 100, 101,fe01,ff00,   0, 1ff,ff01,   0, 100, 100, 1ff, 1ff
 100,ff01, 200,   1, 100,ff00,   1, 1ff, 101,  ff,ff00, 101,   0, 1ff, 100,fffe
ff02,  fd,fffe,ff01, 201,   0, 300,   0,ff00,ffff, 201,  ff, 100,   0,fbfe, 101
   2,   0,ff01,ffff,   1,   0,ff01, 200,  ff,   1,   0,fe01,fefe,ffff,  ff, 100
ff03,  fe,  fe,ff02,ffff,ff01,fefe,   0, 300,   1, 200,   0,   1,ffff, 1ff, 1ff
 101, 201, 1fe,ff01,fe01,  fe,ff02, 1fe, 402,   0,   0, 100, 200,ff01, 302,   0
 102,fd02, 1ff, 102, 300,ff00,   2, 2ff,ffff, 300,fe01,  ff,ff00, 2ff,   4,ff00
  ff,ff00,  ff,   0, 1ff,ff00,   0,fe04,ffff, 1ff,   1, 1ff,  fd, 101,   0, 100
ff00,ffff,   0,   0, 101,ffff,  ff,   1,fffe,  ff, 2ff, 102,ff02,ffff,   1,  fe
 1ff,ff00, 1fe, 200,fe02,feff,ff01,ff02,fe00,   1, 4ff, 101,   3, 1ff,   0,  fe
fcff,  fd, 1ff,ff00,  fa,fb00,  ff,  ff,fd00,  fc,ffff,   1,  ff,fe03,   2,  fe
 102, 102,   1, 101,fd00, 401,fd00, 101,ff00,   2,fe02,   0, 102,   0,fffd,ffff
 1ff, 100, 100, 101,fe00,  fe,  ff,fe02,fffe, 101,ff02,fd00,fafc,ff00,fffe,fe01
 300, 3ff,  ff, 101,ffff,   1,ff01,   1,  ff, 3ff, 106, 103,  ff,fb00, 4fd,fcff
   1,fe00, 1fc,ff03,   1,   1,   0,   0, 1ff,   2,ffff,ff00,   1,  ff,ff01,   1
  ff, 100,ff00,   1,fffe,fe01, 3ff,fd00, 1ff,   2,   1,  fe, 100,  fe,  fe,ffff
 1ff, 102,fdff,   0, 3fd, 101, 501,  fe, 1fd, 2ff,   0,   1, 301,   1,fffe, 100
 100,ff01,   0,ff00,feff, 1ff, 1ff,   0, 3fc,   4, 101,fffe, 1ff, 102,   1,ff02
ffff, 100,ff00,   2,   0,  ff,ffff,   2, 2fe,fe01,ff00,   1, 300,fffe, 2ff,   3
   0,ffff,fe01,   1,fe00, 100,ff00,ff00,fafc, 200,ffff,fffe, 200,ff00,  ff, 102
ff02,   1, 100, 101,ffff,ff00,ff03, 300,  ff,   0, 101,   2,  fe,ffff, 300,   2
ff01, 1ff,  ff,  ff, 200, 202,   0,fe00,ff00,ff00, 101, 100, 2ff,   1, 1fe,   1
ff00,   1, 101,   2, 201,ff00,ff00,   0, 1ff,  ff,   0,   0,feff,ff00,  fe, 2ff
fdff, 1ff,   2,  ff,  ff, 100, 200,ff03, 1ff,  ff,fffe, 200, 200,ff01,   1,fdfd
  fe,ffff,ff01, 1ff,  fe,   1, 101,ff00,ffff, 103,feff,ff00,fcfe,  ff,   0, 101
   1,fe01,ffff, 101, 103,   0,  ff,fe01, 1ff, 1fe, 4ff, 104,   1,ffff,fe00,  ff
feff,  ff, 101,   2,fbfe,   1, 1ff,fe01, 401, 100,fefe, 100, 1ff,  ff, 1ff,   0
fffe,   0, 1fd,   1,  ff, 100,fd00,ffff,  ff,ff00, 1fe,   2, 101,fffe,  ff, 101
   0,ff02,fd00,  ff,fe02, 202,ff00,   1, 201,ff00, 1fd,ff00,ff01,ff00, 101,fd00
 3ff,ff02,   0,   1,fe01,  ff,ff02,fffe,  ff, 103,ff00, 2fc, 1fc,  ff,  fe,ff00
 202, 300, 101,   0,fe01,   0,ff00, 2ff,ff02,ff00,ff00,ffff, 2fd, 100, 100, 100
  ff,ffff,ff01, 101,ff00,   1, 1ff,ffff, 100,   1,ffff,feff,   0,   1,fe03, 1ff
fe00,ff01,ffff, 100, 1ff, 101,   1,   0,ff00,   0,  fe,ff00,  fe,   0,fe00,  fe
fdff,fd01,   1,   0, 203,fefe,  ff, 100, 200, 202, 3ff,ffff, 2ff,ffff, 201,ff00
   0,   0, 101,   1,   3, 1ff,  fe, 201,ff00, 100,   1,  ff,   1,ff00, 101,feff
 2fe,fffe, 101,   0,fffe,   1, 204,ff00,ff01, 101,   1,  fc, 200,   2,fdfe,ffff
   1, 1fe,   0, 4ff,fe01,  fd, 101, 302,ff04,fdff, 201, 1fd,  ff,   2, 200, 200
 3fd, 1fe,   0, 100, 100,   1,ffff,ff00, 1fe,fe00,   1,   0,  fd,   2, 100,   0
ff00,  fd,  ff,   0,fd00,feff, 100,  ff,ff00,fe00,  ff,   1, 201,   2,   2,fe00
fe00,  fd, 1ff,  fd,ff00,   1,fe00,fffe,fd01,ff00, 101, 200, 302, 200,   1,fe00
ff00,  fd,ffff,ff01,   1,   0, 2fd,  fe, 200,   0,  fb,feff,   1, 200,fb00, 100
ff00,   0,ff00,ffff, 100,   0,   0,fffe,fefe,ff00,   0,ff00,   1, 102,ff00,ff01
ff00,fe01, 202, 101,   2,ffff,fdff,fffe,fe01,  fe, 200,   2,   0, 100,   3, 100
 103, 101, 403, 102,ff02,ffff, 301, 100,  ff, 100,   0, 101, 200, 1ff, 2ff,  ff
 203,   1, 1ff,   1,   0,fe00,ff00, 1ff, 2fe, 203,ff01, 1ff,ffff,  ff, 301,fe01
 2ff,fe00, 100,ff00,ff03,  fe,  ff,   0, 1fe,   0,ff00,   0, 202,fefe, 201,   1
fdfe,ff00, 201,fffd, 3ff, 1fe,ff00, 1fe,fe00, 200,ff01,ffff,ff02, 2ff,  fd,ffff
 100,fe00, 300, 102,ffff,feff,  ff, 1ff,   0, 101,ff03,   2,ffff,   0, 101, 1ff
 200,fe00,ffff,   2,   2,fe01, 2ff,ff00, 101, 103,   2,ffff, 1ff,ffff, 1ff, 100
   2,   0,fe00,feff, 201,   1, 200,   1, 100, 100,   2,fefe, 200, 202, 100, 2ff
 2ff,  fe,ff00, 100,fe01,feff, 100,fe00,fffe,  ff, 2ff,ff00,  ff,fe00, 200, 100
ff01,fe00,   2,ff00,feff,  fe, 101,fffe,   1,  fe,   0,  ff,fc00,   0,fe00, 100
  ff,ff01,ffff,   0, 103,fefd, 201,fe00,   0, 100, 2fd, 100,feff, 101,   0,   0
ff02,fe00, 201, 102,   0,fffd, 100,ff00,fdff, 1ff, 201,  ff,ff01,ff02,   2,fffe
   0, 2ff,   2,ff00,  ff,fc01, 1fe,   0,   1, 100, 100,ff00,ffff, 102,  ff,ff03
  ff,  ff, 3ff,ff01, 1ff,ff00,   1, 1ff,ff02,ff00,ff00,   0,  ff,   1,feff,  ff
   1, 102, 102,  ff,   0, 101, 2fe, 101,   0,fefe,fdfd,   4, 101,   1, 1fc,   1
 101,ff00,ff01, 200,fd02,fffd,   1, 201,ff00,ffff, 100,  ff, 1ff, 3fe, 100, 1ff
ff02,feff,ff00,  ff,fe01, 101,  fd, 100,   1, 201,ffff,fe01, 1fe, 101,   1,   1
feff,ff00,  fd, 3ff,  ff, 301,fd00, 1fe, 401,ffff,   0,   1, 1ff, 101,fe02,feff
ff00,fe04,fe01, 1fe, 1fe,feff,fe02, 201,   2, 100,  fd,  fe, 101,ff02,fffd,fdff
   0, 300,fc03, 401, 100,ffff,   0,   1, 100, 1fe, 100,  fe,  fd,   1,fe01, 1ff
ff00,ffff, 2fd,   0,  fe,fe02, 102,   2,ff02,   0,ffff, 301,ffff,fffe,   0,   1
  fe, 201,fd02, 3ff,fc01,ffff, 503, 101,fb01, 1ff, 1ff,fe00, 1ff,   2,ff01,  ff
 203,ff01,ff00, 1ff, 103, 1fe, 100,   1, 1ff, 200, 100,ff01, 201,ff00,ff00, 1fe
 100,   2, 100,ff00, 300,ff00, 100,fe01, 101,  ff, 100,ff01, 1ff, 100,ffff, 101
 200, 101,fd01,ff00, 200,  ff, 100,  ff,ff00, 100,fe01,feff,ffff,   1,fe00, 100
 301,   2,ff00, 1fd,ff00,ff00,   1,   0, 2ff,ff01,  fa,feff, 100, 1ff,fc00, 1fe
  fe, 1ff, 301,ff03,   1, 1fe, 101, 101, 103,ff02,  ff, 202,   1, 100,ff00, 100
ff02, 101, 1ff,ff00,  fe,  ff, 200,fe00,ff01,ff02,feff,  fe, 100,ff01,  ff, 101
ff01,fe00,fbfd,ffff,  fe, 100,ff01,ffff,   2, 100, 2ff,ff01,fffd, 200,   0,   0
   2,   0,ff01,ff00, 100, 101,   0,ffff,ffff,ff00,   0,ff00,   2,  ff,ffff,ffff
ff00,   0,ff00,  fe,   0,   0,   0,   0,   2,fe00,   0,fe00,feff, 200, 100,ff01
ff00, 101,ff00,ffff,ffff, 100,ff00,  ff,   2,ffff,ff02,ff01,ff01,   0,   2,ffff
  ff,  ff,fd01,   1,ff00,  fe,fd04, 100,   0, 100, 402,   1,   1,   2,fe01,fffd
   1,   1, 201,  fe, 102, 4ff,   1,ffff,  ff,fefd, 1fe,   0,ff01, 2ff,ff00,fefb
 2ff,   0, 101, 201,ff00,   0,fdfe, 101,   1,   0,   0,fe00,ff00,ffff, 101,fefd
   1, 1ff, 2ff,fdfe, 2fe, 100, 101, 202, 501,fffe, 202,ff00, 203, 2ff,ff01, 102
 200,   1,ff00, 1ff, 3fe,   2,ff01, 1ff,   1,   0, 201,ff01, 401,ff00, 2ff,fffe
   2,fffd,fffe,ff02, 200, 101,ff02, 100,   1,ff00,   2,   1,fefe,ff00, 101,  ff
 100, 2ff,fe01,  fc,ffff, 401,fd01,  ff, 202, 101,fdff,   1,  ff,   1,fefe,ff02
fefe,  ff,  fe,   0,   1,ffff,ffff,fefe,ff00,ff02,ffff,   0, 100,ffff, 102,   0
ffff, 102,fdff,   1,fe02, 201,   1,   2,  ff,   0, 200,feff,   0,ffff, 100,ff00
  ff, 1fe, 200, 1ff,   2,   1,fe01,   1, 100, 203, 202,  fe, 1fd,   0, 300,   0
   0,  ff,   1,ff01,   1,ff01,   1,fe01, 1ff,  fe,   0, 100,fe02, 100,  fe,ff00
 102,ff00, 102, 1fe, 101,   1, 101, 100,fe01, 100,feff,ff01, 1ff,ff01, 100,ff00
 1ff, 100,  ff,   1, 200, 101,  fe,   3,feff,   0, 1ff,ff00,fe00, 2ff,ff01,feff
fbfd,   0,fe00,ffff,fc00, 1ff, 201,fffe,fefe,   1, 101,  ff,   0, 1ff,   0,ff00
   0,fe02,ffff,fe00,  ff,   1,   2,feff,ffff,   0, 1ff,   2,  ff,feff, 2ff, 102
 200,   1,ff03,  ff,   0,  ff,  fe,   2,  fe, 200,fe00,fe00,ff01, 101, 101,ffff
 300,ff00, 2fe,   2,   1,  ff,fdff,fe01, 201,   3,ff00,ff01, 202, 1ff,   1,ff01
ff02,ffff,   2, 100,  ff,fe00,ffff,ff02, 100, 1ff, 102,   0,   1,  fe,ff01, 101
ffff,ff01,   1,ffff, 301,ff00, 2fe,ffff,   0,  ff,ff01, 2ff,fe01, 102, 100, 101
fe00,  ff,ff01, 101,feff,ff00, 2fe,   0, 1ff,  ff,fe01,fffd,ffff,ff01,   2,fe00
fdfd,ff02,   2, 603,fa02,ffff, 401, 3fe,ffff, 4fa,fdff,fc01, 502,fb02,fe00, 1ff
 201,   4,   0, 2ff,  ff, 2fe,  fe, 103,ff01, 3ff, 102,ff00, 200,   2,  ff, 100
fdff,ff00,   1, 101,fd02,ffff, 200, 2ff,  ff, 1fe,feff,feff, 102,fe01,ff00, 101
ff02,ffff, 103,ffff,  fe,fe00,  ff,fe01, 200,   2,   1, 1ff,fe02, 200,  fe, 202
  ff, 100,fe00, 100,fffd,ff00,ff01,fdfe,fe00, 100, 1fe,   1,   0,fe02, 200,fffe
 100, 1fe, 100,fd00,feff,ff01,  ff, 200,ff03,ff00,  ff,   3, 1fd,  fe,ff00,ffff
   1,   0,fffd,fe01,ff02,   1, 1ff,ffff,  fd,  ff, 200, 1ff, 1fd, 102,   0,ffff
 2ff,fd01,ff01, 202, 202,fe01,ff01, 101, 201,ffff, 2ff, 101,ff03, 1ff,   2,fdff
   0, 300,feff,  fe, 201, 201,   2, 102, 1fe,   1,fd00,ff01,   0, 2ff, 2ff, 1ff
   2,   1, 2ff,ffff,   1, 1ff,fe01,  ff,ff01, 102,ff00,fffd,  ff,feff,ff02,fe01
 1fd, 1ff, 1ff, 100, 100, 100, 1ff,ffff,ff00,fe00, 202,   0,ff00,fffd,  ff, 102
 202, 202, 101, 201, 201,   0,   0,   0,   0,   0,   0,   0,   0,   0,   0,   0
   0,   0,   0,   0,   0,   0,   0,   0,   0,   0,   0,   0,   0,   0,   0,   0
   0,   0,   0,   0,   0,   0,   0,   0,   0,   0,   0,   0,   0,   0,   0,   0
   0,   0,   0,   0,   0,   0,   0,   0,   0,   0,   0,   0,   0,   0,   0,   0
   0,   0,   0,   0,   0,   0,   0,   0,   0,   0,   0,   0,   0,   0,   0,   0
   0,   0,   0,   0,   0,   0,   0,   0,   0,   0,   0,   0,   0,   0,   0,   0
   0,   0,   0,   0,   0,   0,   0,   0,   0,   0,   0,   0,   0,   0,   0,   0
   0,   0,   0,   0,   0,   0,   0,   0,   0,   0,   0,   0,   0,   0,   0,   0
   0,   0,   0,   0,   0,   0,   0,   0,   0,   0,   0,   0,   0,   0,   0,   0
fc00,fffd,fdfe,ff02, 202, 401,fdff,fc01, 3fe,fe01, 1fe, 3ff,fdfd, 4fc, 202,ff00
 302,f6fc,feff, 303, 303,fe03, 200,ff01, 203, 205,   1,fcff,fcfe,ff03, 3fb,   3
ff03,fffd, 101, 1fd,   2,ff03,fefd, 101, 3fc, 707,fbfb,f607, 2fe,ffff, 4ff, 101
fefa,fe01,fe02,fafe,fdfe, 502,fffe,  ff,fffd, 3fe, 3fd,fefd,   2,  fe, 301, 301
   2, 200,  fe, 301, 204, 201, 302, 206, 706,   1,   0,fbff, 300, 100, 103, 205
 1fe, 2fe,fc00, 102, 2fd,   1,fdfe, 201,  fd,fff9,fffe, 100, 203, 306,fefe,  fb
fffe, 104, 502, 1fb,   2,   0,   2,  fd,fbff, 101,fd00, 1fe,fd01, 1fa,   2, 2fb
 504,fbfb, 904, 105, 403, 301, 201, 3ff,fe05,   1, 203, 401, 204,fb01, 203, 104
ff01,f903,  fb, 200, 106, 402, 302,fffe,f801,fef6, 301, 102, 101, 4ff,fe02,f8f9
fefe,  fe,   4, 303,ff00,  ff,   2,ff00,  fe,f9fd,fffa,f8fc, 200,   0,ff00,f6f9
 1fd,fd01,fefe,  ff,  fc,   0,fcff, 302,ff00,ff00,fc02,fb00,fe00,ffff,  fe,fffd
fefd,fb00,fdfa,fbfb,fefd,  ff,ff02,fc01,fb03,fcfc,fcfc,fff8,fc00,fe01, 200, 3fb
 400, 200,ff01,feff, 201,  ff,ff04,fcfc, 300,   0,fdfe,faf9,f9fe,fe00,fefc, 202
 1ff,fc00, 202,fe00, 2ff,fefc, 103,fffd,fe05,ffff,fffd, 504, 206,fd05,fd00,  fe
 402,fd02, 2ff, 302,feff,   0,   0,fe03, 205, 1fe, 101, 1fd, 804,   2,fcff,ffff
 200,fd03,fefe, 2fb,fefe,fe00,fdff,  f8, 302,  ff,  ff, 305,ffff,  fe,fa02,fffe
 3fd,feff,fe03,fbfe,f8fa,fe02,fe02,fcfd,fefd,  fb,   0,  fe, 202, 100, 200,fd03
fffe,ffff,ff00, 403,  ff,ff00,fd03,fd00,  fe,fcff,fffc, 302, 1ff,ff00,fe02, 502
   3,  fb,fdfb,fefe,   0,ffff,fb02,ff00,  fe,fbfc,feff,fef9,fbfe, 2fe,   1,fefe
 400,fe01,ff00, 301, 204,fffe, 501,fffe,  ff,fe04, 304,fbfa, 1fc,fd00, 1fe,fa00
 300,fe00, 100,fdfe,fefe,feff,  fe, 2fa,fdfd,fcfd, 1fa,fdf9,fffc,fffe,fe01, 400
 302,fe03,fdf8,f9f9,fefb, 3ff,fc00,fff9, 3fe,   3,f7ff,fef9,fc03, 304, 2fd,fbfe
 101,ffff,fd02, 1fd,ff03, 2ff,  fd,fcfe,   2, 1fc,fb01,fcfc,fa01,fcfc,   1, 104
 403, 301,   3, 1ff,fe02, 3fc, 404, 3fc, 203,fefd, 606, 301,fd02,f6fd,fffd, 503
 202, 204,fcfd,fcfe,ff01, 1fe, 401, 1ff,ffff, 300,fe02, 101, 2fe,feff, 104,fdfd
fbff,fffc,fbf9, 703, 303, 4fe,   2,fe02,fefd,fd01,fe01, 1ff,fc00,fdfd,ffff,feff
   3, 302,f605,fbf7,f9fa, 3ff,ff02,fe01, 100, 101,fd03,   0,fd03, 201,fffc, 2fe
 102, 106,fffe,  fe,fefb, 2fd, 301, 100,fdfe,fefe, 1fd, 2ff, 1fd, 901,fe03,ff00
fd02, 2fd, 105,ff06,fc01, 100, 400,ff01, 200, 403, 201, 202, 104,   2,ff01,  fd
 2ff,  fd, 2fd,   1,faf9, 4fb, 203, 2ff,  ff,fbfa,fbf6,fd06,  ff,fffd, 1ff,fefe
 200,fd00, 2ff,   1, 4fb,fd00,fcfe, 1fe,fdff,f6ff, 100,   2,fc00,  fb,ffff, 300
fa00, 301, 401,f903,fdfa, 2f8,fe00, 205,fdfb,fffe,fc01, 2ff,   1, 402,  fb,f800
  ff, 604, 200,fd01, 2fa, 202,fcff, 300,feff,fbfc,fffc,ff02, 1fe, 1fa,fffe,ff00
 100, 408,fc05, 200,ff02, 302, 300,fbfe,fdff,fe06,fefd,fffc,fd01,  ff, 101,fe01
 2ff, 1fe, 2ff,fcff,   1,fdfd,fefc,fbfe, 201,   3,fe03,   0, 2fe, 102, 3fe,  fb
  ff, 100, 102, 102, 100,  fd, 102,fdfc, 1fe, 305,fdfe, 103,ff03,fdfd,fd02,fcfc
   1, 404,fd02,fe01,   4, 300,fdfc, 2fc, 303,ffff, 103, 100,fdfc,fdfd,fdff, 1fc
 103,f9fd, 202,ff00,fefd, 102,fefe,  ff,ff00, 1fe,ffff,fe03,feff, 4fe,fdff,fd00
  fa,f7fd,fb01, 3fe, 203,fdff, 2fc,fbfd,fd00, 2fe,fffd,fe04,fefe,  fc,   1,ff02
fdff,feff,ffff,  ff, 500,ff03, 3ff,   2,   1,fbf9, 101,   0,feff,   1, 603,fe00
 100, 104,fffe, 302,fe00, 604, 2fd,fcff,f8fe, e03, 504, 409, 103,   0,ffff,fd02
 1fe, 2ff,  fe,ff01, 1fe,fe01,fffe,ffff,f900,fd00, 300,   4,ff00,ff00,  ff,ff00
ff00,fdfc,  ff, 204, 200, 200,  fc, 200, 1fe,fefd,fd01,fcfc,   2, 1ff,fefd,f9fe
fefd,fffe,   4, 201,ff00,   1,fd00,fdfb,   3, 3ff, 3ff, 100,   2,ffff, 1ff,fefe
  ff,ff02,fe01, 100,  fe,ffff,fffe,feff, 1ff,fe00,   0, 2fe,fe00,   2,  fc,fe00
 300,ffff, 400, 1ff,fe01, 2ff,  ff,ff00,fffe, 2ff, 101,feff,   2,ffff,   1,ffff
 100,fbfc, 102, 100,feff, 2fd,fffd,   0,  fe,   0,   0,  ff,feff,ffff,fe00,ffff
ffff, 2fe, 3ff,ff00, 102,ff00,fe00,fffe,ff00,ff01, 101, 1ff,ffff, 102,feff, 1fe
ff00, 2ff,feff,ff01, 101,   0,  ff,   1,   0,fffe,ff01, 200,ffff,   1,  ff,ffff
ffff, 100, 1ff,ffff,ff01,ffff, 2ff, 201,feff,  ff,  fe,ffff,   1,fffe,ff00,  ff
   0,   2, 101,feff,fffe, 1ff,ffff,ff00, 200,   1,fe00, 100, 1ff, 100,   1, 1ff
ff03,fd03,fc01,fdfa,fd05,fe00,fffb,  ff,fe01,ff01, 601,fa02, 3fd,fc00,  f9,fd03
 203,fefc,fdff,fafd, 100,f6fe,  ff, 506,   0,fe02, 2fd,fdfc,fdfc, 202, 301, 403
  ff,   4,f800, 603,fefc, 3fa,  ff, 106,   2,fd02,fcfc, 400, 302,fb00,ffff, 1fd
fb03,fafd,fdfe,fffd,  fd, 101,f6fb,fbfd,fffd,  fb,   0,fdfc,fdff,ff03, 101,fefe
fa00, 2fd,fdf5, 3fe, 105, 200,  fd,f9fd, 2ff, 105,faf7,f9ff,fff7,fcfd,  ff, 101
 100, 401,   2,f304, 401,fffd, 700,ffff,fe07, 1fd,feff,   1, 505,fefb,faff,fd00
 2fc,faff, 6ff,fffd,fd03,fffd,fffd,ff01,fefe, 1ff, 202, 301,feff,ff00,ff01,  ff
 101,fe00, 1fe,ff00, 102,   4,fd00,ffff, 1fe,fe02,  ff, 101,   3,feff,fefd,   0
ff01,fefd,fefe,ff01,ffff,   0, 202,fefe,   0,feff,   1,ffff,ffff, 100,ffff, 503
 101, 101, 100,fdff,fe00,fffe,  ff,  fe,ff01,   2, 101,   1,fefe,   0,  fe,  fe
 200, 1ff,f8fe,fff6,fcfa,f9fc,feff,fefe,ffff,  fe, 707, 101, 2fe,  fb,fd03,   1
 202,   2, 2ff, 1fe,  fc, 2fe, 301, 204, 3fe,  fe, 2ff,ff05, 4fd, 1fd,f9ff,  ff
  f7,ff02,fcff,fd02,fff8,   0,fbfc,fafe, 2fe,  fd,f800,f3f9,f8fd,fbf7,f7f8,fe00
fdfe,fefe,fe02,fe00, 102, 2fc,fb00,  fe,  ff,fefe,   1,   1, 102,fe00,  ff,fc00
  fe,ff00,  ff,fffe,fdfc,ff01,  fe,ff02, 1fe, 102,fffd,fdfe, 2fd,fe01,  ff, 1ff
   1,ff01,   0,feff,ffff,ff00,fdfe,  ff,ffff, 200,fdfe,fe00,  fe,ff00,ff02,  ff
fffe, 201,fffd,f800,fdfb,   1,feff,  ff,  ff,  ff, 100, 100,ff00,ffff, 101,ff00
   1,ff00,ffff,ff00,ffff,ff00,   0,ff02,  ff, 100,ff01,   0,ff00, 101, 100, 100
ff00, 100,ffff,feff, 101,ffff,  ff, 1ff,  ff, 1ff,ffff,ff00,fefe,ff01,ff00,  ff
   1,  ff,  fe,ff00, 100, 100,feff,ffff,ff00,   0,ffff, 301,ffff,   0,   0, 100
  ff, 100, 100,ffff,fdfd,f701,fafb, 1fc,ffff,fffc, 3ff,  ff,fe00, 3f9,f6ff,ff04
 5fb,   2,ff00, 402,fd01,fbfe, 201,  fd,fefa, 1fd,ff02,  fe, 3fe,   2, 104,fffd
 2fe, 100, 102,fe02,fc00,ff01, 1fd,   1,fcff,  fa,   0,  ff,fffd, 200,ff01, 1fc
ff00,  ff,fe00, 2ff, 1fd, 202,fbfe,  ff,   0,   0,fcfd,fffc,fffc,fffe,ffff,   0
feff,ff02, 202,fefd,fdff, 2fe,fd00,  fe,   4,  ff,fffc,fefd, 1ff,   4,fefb,  fe
fefe,fdfe, 100,   0, 101, 300,   2,f301, 301,fefd, 800,fffd,fd06,  fd,fd00,ff00
 505,fffb,  ff,fcfd, 1fd,fbfe, 7ff,fffe,   1,  fe,fffc,fd03,fefd, 1fe, 201, 401
fc02,  fe, 101,fefe,fcff, 201,fff9,  fe,   4,   0,f8f7, 4ff, 6fd,ff01,fefd,ffff
ff02, 200,  f8,fc02, 2fb,f9f8,fa00,fa00, 1ff,ff00,ff02,  ff, 1fb,f7fe,   0, 1fe
 3fc,f6ff,fffd,fcfe,fbfd,fd01,feff,f8ff,   6,fe00, 102, 3fe,   2, 1fd, 104,fbfc
 1fd,ffff, 100,  fe, 2ff, 102,  f8, 200,  fa,ff01,fffb,fb02, 2ff,fdfe,   1, 3ff
fff7,fe02,fa01, 5fe, 3fc,  f7,fe01,   2,fcf5,  f9,   2,   2,fcfe, 200,fb03,fe01
fe02,effc, 1f2,  ff,fefe,  ff,fbf1, 1f9,fdff, 200,fcf9,f601,  ff,  ff, 702,fd01
fefe,f1fe,  f6,  fd,fefe,fd00,  ff, 3fd,  fe,fefb,fe00, 2ff,   1,ff00,ffff,fffd
ffff, 1ff,feff,fdff,ffff,   2,fcfe,fdff, 1fc,fffe,fdff, 100,fffe,   3,ffff, 3fe
 101,fd01, 1fd, 201,  ff,fd00,   0,feff, 1ff,feff, 102, 1ff,fcff, 200,  fe,fffd
  ff, 2fe,fefe,ff02,fefe, 100,fefd,fe01,fefe, 102,  ff,fffe,   1,ff02, 100,   1
 1fe, 1ff, 101,f8ff,  ff, 2fd,   0, 3fd, 2ff,fefa, 102, 101,ffff,fcfe,ff06,fa02
fdfb,   1,fffd,ff04,fc00, 1fd,fcfd,fb01,  f2,  ff,ff00, 8fd,fe01,f6fa,faff, 1ff
fdfe, 2f1,f900,ff01, 100,fbff,f900, 1f7, 201, 2ff,ffff,fd02, 3ff,ff04,  fc, 1ff
   5, 500,   1,fafe,fdfa,  fd,fe03,fcf7,  ff,  ff, 2fe, 100,fdff,f605,fe00, 2ff
  ff,ffff,ff0e, 400,   1,fd01,f6fd,fc01,f8ff, 301, 202,fd00,  f8,fffe,ff02, 600
 102,   2,  ff,ff02,fff8,fefe,  ff, 301,  fd,faff,fd01, 100,fff6,fd03,fcfb,ff02
   1,fdff,feff,fff8,  ff,fdfd, 3ff,fcff,   2,   1,   1,fcf5,fc00,fffd,fefd,  ff
fe02,ff02, 100,   1,  fe,fb00,  fb,fffd,fe00,fd01,fafd,   4,fefb,   2, 4fc,ff01
fcff,f9fb,fffa,fb01, 2fa,feff,fffb,fe00, 102,fcfe,fffd, 200,fefd, 2fd,fb02, 102
fcfc,fb02,   0,fe01,  ff, 1fe, 2f9, 101,fdfe,fd01, 100,  ff,   2, 2ff, 101, 1fe
 201,fe01,   0,   1,fffa, 101, 2fd,   1,ff02,feff, 1ff,fdff,   1, 4fe,  f7,fd01
fbff,   1,   3,fefc,fe00,fe01,  f4,  ff,ff01, 101,fffe,  ff,ff00,   0, 100, 402
   2,ffff,fffc, 1ff, 202, 4fc,fefe, 101,fefa,fa00,fffe,   0, 401,   0,ffff,f4ff
fffb,  ff,fcff,fdff,fdfe, 1fd,fbff,  fd,fe01,   0,ff01,fc02,  ff,  ff, 102,fefd
  fd,   0,ffff,   2,fe00,fcfd,fdfe,  fe,fdff,fcfc,  fc,fe04, 1ff, 101,fd01,   3
 301, 103,ffff,ff02,ff01, 601,fe03,f7fe,feff, 302, 602,fc01,  fe,faf7, 201,fb01
ffff, 1ff,fe03,feff,feff,fcff,fdf9, 100,   1,fe02,fffe,fd02,fffc,fd01,fd00,ffff
fffe,f901,fdf9,  ff,fbfe, 100, 300,fe00,fefd, 2fc,fcf9,f903, 500,ff01,ff02, 305
fdff,ff00, 1fe,f9fd, 3fa, 1ff,fc03, 303, 200, 2fd,fe02,fd00, 200, 1ff,   5,ff00
f4fd, 300, 1fd,ff02,f9fe,fefd, 2ff,fefb,   2,fd00,f903,  fb,  ff,fe00,fefd, 3fe
 300,ff02,fdfa, 202,  fd,feff,fefd,ffff,fffe, 102,fffe,fe01,ffff,fdff,   0,   0
fffe,fbfe,ff04,fefe, 300,fffd,fe03,fe00,ffff,fefc,   3,fe02, 200,   1, 1ff,ff00
fffe,fffc, 3ff,fffb,fefe,ff00, 2fb,fefe,fffe, 2fe,fefe,fc00,fffd, 3fd, 8ff,fc01
fd00,fefe,fefa,ffff, 1ff,   1,feff, 200,fe00,   0,fd01,fffe,f5fe,fbfc,fcfe,   2
fc02,fffe,ffff,   0,fefd,fe00,f7fa,fb02,  ff, 1fe, 602,  fe,faff,f8fe, 1ff,fcff
 2f7,   0, 200,ff02, 101,feff,ffff,  fe,fe00, 102,ff00,   4, 200, 200,fefd,  fd
fcfe,fffc,  fc,fe01,f802,fbfa,fd02, 100,fd00, 102, 102, 203,fdfe, 1fc, 401, 100
fbff,  fb, 201,fd01, 500,fffe,ff02, 1fe,   0, 1fe,f9fa,   1, 1ff,ff03,fa00,f900
f9fc, 301,ffff, 301,ff00,ff00, 200,feff,fe01,   0,   2,ffff,fc01,fdff, 2f9,  fe
fffc,ffff,fcfc,f803,fc01,fefb,fdf9,ff01, 202, 200,fefe,fef9,f9fc,f8fd,f8f6, 103
fafe,fffc,f700,fefb, 1fb,  fd,fd01, 1ff,ffff,feff, 1ff,fe00,   0,   1,  ff,ff02
   2,ff01, 4fe,  ff,   0,   1,feff,  ff,fcff,fffd, 101,fffe,fcff,  fe, 202,  ff
 105, 100, 1ff,   0,fffe,fb00, 1fe, 100,ff00,ff01, 1fd,ffff, 2fd,fe01,feff,   0
 100, 100,ff00,  ff,ff00,   0, 100,   0,  ff,fe02, 1ff,fcff,  ff,ffff,   0,  fe
fe05, 70c, 400, ef6, 40b, 30c, a0c, 302, afb, 30d,   0,   0,   0,   0,   0,   0
   0,   0,   0,   0,   0,   0,   0,   0,   0,   0,   0,   0,   0,   0,   0,   0
   0,   0,   0,   0,   0,   0,   0,   0,   0,   0,   0,   0,   0,   0,   0,   0
   0,   0,   0,   0,   0,   0,   0,   0,   0,   0,   0,   0,   0,   0,   0,   0
   0,   0,   0,   0,   0,   0,   0,   0,   0,   0,   0,   0,   0,   0,   0,   0
   0,   0,   0,   0,   0,   0,   0,   0,   0,   0,   0,   0,   0,   0,   0,   0
fe00, 1fe,ff01, 200,  ff, 101,   0,ffff,ff01, 200, 101,feff, 100,  ff,  ff,  ff
ff01,ff00,ff00,ff01, 1ff,ff00,   0, 101, 101,   0,   0,   0,   0,ff01,  ff,ff01
ff00, 101,   1, 100, 102, 200, 101,fe01, 2ff,   1,fffe, 101, 100,ff00,  ff,ff01
ffff,ff00, 100, 101, 101,ff00,ff00,ff00,ff01,   0,   0, 101,   2, 100, 101,   2
   0, 101,  ff,ff01,fffe, 2fe,   1,fe00,ffff, 200,ff00, 1fe,  ff, 1ff, 1ff, 100
  fe,   0,   0, 100,  ff,ffff,  ff,ff00, 100,fd00,   0, 1ff,ff00,   1, 101,  ff
   1,   1,fefe, 2ff, 101, 101, 100,   0, 101,   0,ff00,   0,ff00, 100, 100,ff00
ffff,ff00,   0,ff00, 1ff,   0,ffff,ff00, 100,ffff, 1ff,   1,ff01,   1, 100,ff01
ff02,ff01,ff01, 1ff, 101, 1ff,ffff, 101,fe00, 1ff,ff01,ff00, 1ff,   1, 1fe,ff01
ff00,ff00, 101, 201, 101,   1,   0,   0, 1ff,ff00,feff, 100,   0, 100,   1, 101
ff00,   1, 101,fffe,ff01, 1ff,   1, 100,   1, 201, 201,   1,ff02,ff01,ff01, 101
ffff,ff01, 1fe,ffff,ff01,   1,   0, 101, 101,ff01, 1ff,ffff,   0,ff00,  ff,  ff
ff00,  fe, 101, 201, 100,ff01,fe01,   0,   2,ff01, 101,ff00,  fe, 100,ff00,ff01
 100,   1, 101, 100,  fd,ff01,   1,feff,ff01,ffff, 1ff,feff,   1, 101,  ff,   1
 100,  ff,   0, 300,   0,ffff,   0,   1,   0,   1,ff03,ff01,ff00, 100,feff,   1
ff01,  ff, 201, 1ff,   1, 1ff,   0,ff01,  ff,  ff, 100,ff00,  ff,ff01,   1, 100
 101, 101,   1,   0, 101, 100, 100,  ff,  fe,fe01,ff01,   1, 102,   0, 1ff,fe01
   1,ff00, 1ff, 200,ff01,fe01,ff00,   0,ff00,  ff,   0,   0,ff01, 103,  ff,ffff
ff00,  ff,ff00,  fe,ff01,  ff,   0,ff01,ff02,ffff,ff00, 200,ff01,   0,   1,  ff
  ff, 100, 1ff,  fe,ffff,   0,   1,   0,ff01, 100,   1,ff00, 1fe,   1,   1, 1ff
  ff,ff01,   1,   0,   0,ff00,ff01,   1, 200,fe00,  ff,   0,   1,ff00, 100,ffff
ff01,  fe, 101,ffff,fffe, 1ff,ff00,   0, 101,   1,   0,fe00,  ff,   1, 1ff,   0
fe00,ff00, 1ff,ff01, 1fe, 100,   0,ffff,ffff, 1ff,ff00, 2ff,ff01,   0,  ff,   1
 102, 1ff,   0,  ff,  ff,   1,   0, 2ff, 201,   0,ff00,  ff,   1,ff01,ff00,  ff
 1ff,   2,ffff,fe01, 100, 101, 1ff,ff01,  fe,  ff, 201, 101,   1,ff00,   1, 100
  fe, 1fe,ffff,ff01,ff03,ff01, 101,   0,fe00,  ff,  ff,  ff, 1ff, 100, 100,   0
 100,  ff, 101,ff00,   1,   1, 101, 100,  ff, 200, 1ff, 100,   0,   2,  ff,   0
fe01,ffff,   2,ff01, 101, 102,   0, 1ff,  ff,   0,fe00,  ff,ff00,  ff, 1ff,   1
   1,  fe,   1, 1fe,ff01,ffff,   0,   0, 201, 400, 1ff,  ff,fffe,   0,  ff, 301
ff01,   0,   1, 2ff,   0, 1ff,   1,   0, 3ff,fd00,ffff,ff01,   0, 101,  ff, 100
ff00, 1ff,ff00,ff01,fffe,ff00, 100,ff01,  fb,   1, 1ff, 1ff,fffd, 102,   0, 1ff
   1, 100,ff01,   1,   3,ff01,ff02, 2ff, 101,ff01,ff02,ff01,  fe,ff01,   0,ff01
   2,   0,ff00, 400,  fe, 1ff,ffff, 200, 101,  ff, 103,   0,   0,fffe,  ff,ff01
  ff,ff00, 1fe,  ff,fffe,   0,   0,   0,ff00,ff00,ffff, 200, 1fd,   0, 1fe,   0
ffff,   0,   1, 1ff,   0,  ff,   0,fe01, 1ff,ff00,   0,  ff, 1fe,   0,   0, 1ff
   0,ff01,   1, 500,  ff,ff01, 1ff,fe00, 102,fe01,   4,ff01,  ff,ff01,   0,  ff
ff00,   2, 102, 1ff,ff01,   0, 100, 100,   1,  ff,ff01, 1ff, 101, 100,fe00, 102
   1,   1,  ff,ffff, 1ff, 101,   0,fc01, 1fe,ff00,ff00, 100, 100,ffff,   1, 200
 1fd,  ff,   0,  ff,ff01,   1, 100,ff01, 100,   1, 100,   1,  ff,   1, 100,  ff
  fe,ff01,ff00,   0, 1ff,   0,   0, 1ff, 1ff,   0, 100,ff01, 103,  ff, 1ff,ff00
 100,ff01,   0,fffe,   0,ff01,ffff,ff01, 100, 101, 1fe, 101,   1,ffff,   0,ff01
 1ff, 101,   1, 201, 100,ff01,ff00,fd00, 2ff,ff01, 101, 101,ff00,ff02,  ff,   1
   0,   3,   1, 101, 100,ffff, 200, 100, 103, 101,ff01,  ff, 1ff,   0,   1,   0
 200,fe01,   0,  fe,fffe,  ff, 101,   0,   1,ff01,ffff,ffff,   2,   0,ff00,fc01
fffe,ffff,   0, 200,  ff,ff00, 100,fe01,   0,ff01, 102,   1, 101,  fd, 102,ffff
   1,   1,   0,feff,ff00, 1ff,  ff,   0,ff07,  ff, 100,ff01,   1,   0,   1,   0
 101,ffff,   1,   0,  fa,ff01,   1, 3ff, 101, 400,  ff,ff01, 1ff,   0,ff01,fd00
   1,ffff,fe00,fe00,  ff, 200,   0,ff00, 3ff,fd01,  ff,  fe,ffff, 1ff, 1ff,ff00
   0,ff01,fe00,feff,ffff, 101,   0,ff00,   1,  ff,  ff,  ff,ffff, 100,ff01, 200
 200,fffe,ff00,   0,  ff,   0, 1ff,  ff, 100, 101,feff, 101,  fe, 101, 100, 1fe
  ff, 100, 1ff, 1ff,   2,ffff, 101,   0, 1fe,  ff, 1ff, 1ff,ff00,   3,   0,   1
   0,fffd, 100,ffff,   1, 200,fe01,   0,ff02,   0,  ff,feff,  ff,   1,   1, 2ff
ff01,ffff,   1,ff02,fffd,ff01,ff01, 300, 1ff, 2ff,   0, 1ff,   0,ff00,  ff,fd01
 101,ff00,ff00,   0, 102,   1,   0, 201,   1,  ff,   0,   0,ff00,   3, 200, 1ff
 100,  fe,ffff,   2, 101, 101,   0,   0,ff01, 1ff,   1,ff00,   3, 1fe,fe01,ff01
 100, 101, 100,   1,   0, 1ff,   0,ff00,   0,   0,  ff,ff01, 101,  ff,ff01, 100
 101, 1ff,   0,   0, 1ff, 100,ff00,  fe,  ff, 102,   0,   0,   1,   1, 100,  fe
 200,ff00,   2,ff01,  fe, 100,   0,ff01,   0,  ff,   1, 101, 1fb, 1ff, 100, 1ff
 100,   1, 100,fffe,   1, 100,   0, 3ff,ff00,ffff, 1fe,   0,fffd, 1ff,   1, 3ff
   2, 100,   0, 300,  ff,ff02, 101,fd02, 1ff,fffe,ff03, 100, 1ff, 100,  ff, 100
ff00,ff01,ff00,   1, 1ff,ff01, 100, 100,   2,ff00,   0, 200, 100,  ff,  ff, 101
 101,ff00, 102,ff00,  fe,fe00,  ff,ff00,   1,ffff, 101,fffe,  fe, 100,   0,fe01
  ff,  ff, 101,ff00,ff01, 2ff,fffe, 2ff,ff01, 2ff,ffff,ff01, 100, 100,   0,ffff
  ff,   0,ffff, 100,   1,ff00, 1ff,   0,  ff,ff00,  ff,   1, 1fc,ff00,   1,ff01
 1ff,ffff,  ff,   3,ff00,  ff,   1,feff,ff01,fd01,   2,  ff,   2,ff01, 100,ff01
   0, 101,   0,ff00,ff01, 101,   1, 4ff,fd01, 1ff,ff01, 101,   0,ffff, 100, 100
   1,ffff,ff00, 2ff,ffff, 1fe,ff00,   0,  ff,  ff,ff01,feff,  fc,ffff,ffff, 100
 101,  ff,ff01,ff00,ff01,   0,   0,fd01,   1,  ff,   0, 100,   4,ff01,ff00, 200
  fe,feff,   0,  ff,  ff, 101,  ff, 100,   0,ff01, 100, 100,   1, 101,   1, 102
  ff, 102,  ff, 1ff,   1, 100, 200, 100,   0,ff00, 200,  ff,  fe,   1,fe00, 100
ff01,  ff, 1ff,ffff, 100,   1,ff00,fd01, 100, 100, 100,  ff,   0,   1, 1ff,ff00
 1fd,ff00,ffff,fe01,   1, 1ff, 1ff,fd00, 101, 1ff,  ff, 100,   1,  ff,   0,ff00
ff02,ff01, 1ff, 100, 100,ff00,   1,  ff,   0, 1ff,ff00, 100,ff03,   0, 101,  ff
 100,ff00,  ff,   1, 1ff,ffff, 101,ff01,  ff, 200,   0, 1ff, 1ff,   0, 1ff,  ff
 1ff, 100, 100,ff01,  ff, 201, 100, 2ff, 301,   1,ff01, 101,ff01, 1fe,ff00, 100
   0,   0, 102,   1,ffff,   0,   0,   1,fe04,   0, 101,   1,ff01, 100,   1,ffff
ffff,ff00,ff00,   0, 1fc,ff01, 1ff,   0,ff00,fdff,  ff, 102,   1,ff01,   1,feff
  ff, 100, 1ff,   0,   0, 100,ff00,   1,ff01, 300,   1,   1,ff00, 100,  ff,  ff
 1ff,fffe,ffff, 2fe,  ff,ff01,  ff,   0, 1fd,ff01,   1,ffff,ff01,   1,fe01, 1ff
  ff,ffff,ff01, 1fe,ff02, 1ff,  ff, 1ff, 101,fdff,   1, 100, 102,ff01,ff00,fd01
 1ff,ff01,   0,   1,   2, 100,   1,fe01,feff, 2ff,  ff, 1ff,  ff,   1,ff01,  fe
   0, 100,   1,fffe,ff01, 101,   0,  ff, 1ff,   1, 101,feff,   1,   0,fe00, 1ff
ff01, 100,  ff,ffff, 100, 100,fe01,   2, 1ff, 200, 100, 101,   0,  ff,ff00, 101
 1ff,ff01, 1ff,   0, 1ff, 100,ff00, 201, 200,   0,ffff,ff01,  ff,   1,ff00,   0
ffff,   3,ff01, 1ff,   0, 200, 301, 1ff,  fe, 100, 200, 100, 1fd,ff00, 101,ffff
ffff,ff01, 100, 1fe, 101,  ff,   0, 301,   0, 101, 1ff,ff02, 1ff,ff00, 1ff,   0
 103,   1,   0,fe01,  ff, 200,  fe,ffff, 101,ff00,feff,fe01,   1,ffff,ffff, 1ff
 101,  fd,   1, 201, 101, 1ff,feff,ff00,fffe,   1,feff,fe01,   1,   1, 100,ff02
  ff,ff00,ff00,ffff,ff03,   1,   0, 200,   1, 4ff,   1,  ff, 101,   0,ffff, 101
  ff, 100,ff00, 200, 100, 101,ff00,ff00, 200,ff00, 101,ff01,  ff,   3,ffff,ffff
ff00, 1fd,  ff, 2ff, 100, 1ff,ffff,  ff,   0,ff00, 101,ffff,   1,   0,  ff, 2ff
   1, 200,   2,ff03,  ff, 200,  ff,   0,   0, 800,   1,   1,ff02,   0,   0,fcff
   1,   0,   0,   1,   1,   0,ffff, 201, 401,fe00,  fe,  ff,  ff, 100,ff01,ffff
 100,   0,ffff,ff00, 1ff,  fe,ff00, 1ff,ff01,   0, 1ff,   1,   1,  fe,  ff,fe00
 2ff, 101,   0,  fe,  ff,  ff,ffff, 3fe,ffff,ffff,  ff,ff01,  ff,   1,   0,  ff
fe02,   2, 100,ff00,ffff, 101,ff00,   1,fe01, 100, 1fe,   1,  ff,ffff,   1,   1
   0,   0,   0,fd00, 1ff, 201,ff00,   0,fffe, 100, 100,fffe,  ff,   0,   0, 200
fffe,fefe,   1,   1,   2,   1,   0,  ff,  ff,ff01, 100, 1ff,  fc, 1ff,  ff, 3ff
 101,ffff,ff02, 100,   0,   0,  ff,ff00, 1ff, 100, 2ff,ff02,ff01, 102, 101,   1
   0, 1ff,ff00,ff00,   0, 102, 1ff,ff01,   1,   1,   0,ffff, 1fe,ff00, 100, 1ff
ffff, 1fe, 101,   0, 1fe,fffe,ff01, 100, 100, 200, 1ff, 1ff,   0,   0, 1ff,ff01
   0,   0, 1ff,ff00, 100,   1,ff00,  ff, 101,  ff,  ff, 100,   1,ff01,ff00, 100
   0, 1ff,  ff, 101,   0,   1,  ff,   1,  fd,  ff, 1ff,ff01,ff04,ff00, 100,  ff
 101,  ff,  ff,ff02,ff03, 101, 101,ff00,ff01,   1, 100,   0,ff01,ff00,   0, 1fe
   1,  ff,ffff, 1ff, 101, 1ff,   2, 1ff,  ff,   0,ff02, 100,  ff,   0,   0, 101
   1,ff01, 1ff,ff01,ffff, 101,  ff,ff00,ff00,ffff,   0,   1,   1,  ff, 1ff,  ff
   1,   1, 100,  ff,   1,   2,ff01,   0,ff00,ff01,ff01,ffff,   0, 1ff,   0,   0
ff01, 100,ff00,  ff, 1ff,  ff,ff01, 100,ff00,  ff,   2,   0, 100,  ff,   0, 100
 101,ff00,  ff,ff00,fffe,   1,  ff,   0,ff01,  ff, 101,ff00,ff00,   1,ff00,  ff
feff,   0,  fe,   1,   0,ffff,ffff,ff00,fe01,ff00,   0,ffff,   0,   1,   0,ff01
 101, 1ff, 1ff, 1ff,ffff,ff01, 101,   0,fe00, 100,ff01, 101,ff01,ff00,   1,   0
 1ff, 100, 1ff, 101,   1,ffff,   0,   0,ff01, 100,fe01,ff00,   2,ffff,ffff,   0
 100, 1ff, 1ff,   0,ffff,ff02,ff01, 1ff, 102, 1ff,   0,fe00,   0,   0,  ff, 1ff
   0, 1ff,  ff,fe00,  ff, 100,ff01,ff00,  ff,   0, 100,   0,  ff, 2ff, 101,   0
   1,ffff,   0,  ff,   0,   1,ffff,   0,  fe,  ff,feff, 101, 1ff,ff00, 1ff, 100
ffff,fffe, 2ff, 1ff, 102, 100, 1ff, 3ff,   0,  ff,ffff,   0,ff00, 1ff,  ff,ff01
ff01,   2,   1,ff01,  ff,ff00,   2,ff02, 2ff, 101, 1ff, 100, 100, 1ff,ff01,ffff
 100, 102, 101, 1ff,  ff,ffff, 1ff,   1,  ff,ff01, 100, 2ff,   1, 100, 2ff,feff
   1, 101,ff00,ff01,   1, 101, 100, 1ff,ffff,ffff,ffff,   0,  ff,ffff,  ff, 100
   0,ff01,ff00,ff00,  fe, 200, 1ff,  ff,fe01,ffff,  ff,   1,   0,  fc,ffff, 100
 1ff,  ff, 101,fe02,   0,  fe, 1ff, 1ff,  ff, 100,ff00,ff00, 101,ff00,   0,   1
ff01, 101,ff01,   0,   1,ffff,   0, 100,ffff,fd02,   1,ffff,   0,ffff,   1,   0
 1ff,ff00,   0, 1ff,   0,fe01, 100, 100,  ff, 201, 103,ffff,  ff, 1ff, 100,ff01
ff00,  fe,   0, 100, 1ff,ff01,fdfe,  ff, 101, 101,feff,feff, 102,feff,   1, 200
   1,   0,   0,  fe,ffff,ff01,  ff,fe01,ff01, 201, 1ff,ffff, 1ff,ff00, 100, 400
  ff,feff, 1ff, 2ff,  ff,ff01,ffff,   0, 100,fe02,   0,   0,  ff,  fe,ff01,ff01
   0,ffff,ffff,   0,   0,   1,ff00,ff00,ff00, 100, 101, 100,  ff,   1,ff01, 1ff
ff00,   0,   1, 101,   0,   0,   0,   0,   0,   0,   0,   0,   0,   0,   0,   0
ff00,  ff,   1, 200,ff01, 201,ff00,   0,   1,ffff, 101,ff00, 100, 1ff,   1, 100
 101,   0,ff01,  fe,  fe, 100, 100, 100,  fe,ff00,ffff,fe00,   1,   1,ffff,fe00
   0,ff00,ff00, 2fe,fffe,fe01, 101,fc01, 1ff, 100,ff02, 100,   0,   0,   1,ff01
 101,   2,ff00, 101,ff01, 101, 1ff,   0, 100,ffff,   1,ff00, 1fc,ff00,fe02,ff01
   1, 101,ff00,   1, 100,   0,   1,ff00,ff00, 3ff,ff01,ff01,   1,ff00,   0, 2ff
   0,ff00, 100,fe01,   0, 2ff, 100, 200, 100,ff01,  fd,ff00,   0,ff01,ff01,ffff
   2,ff01,   0,   1,ff01,ff01,   0, 100, 101,ff00,   1,   0, 102,ff00,ffff,  ff
   0,  ff, 101,   1, 1fe,  ff,  ff,   1, 2ff,   0,   1, 100, 1ff, 100,   0,  ff
 101, 100,  ff,  ff,fffe, 100,  ff,  ff, 1ff, 1ff,ff00,   1,  ff, 1ff, 1ff, 100
   0, 104, 100,ffff, 1ff,ff01, 301, 100,  fd, 101,ff01, 101,  fc,ff01,ffff,ff01
ffff,fe01,   0,   2,   3,   0,ff01,fe01, 1fe,feff,   2,ffff,ff01,  ff,ff01,fd00
 100,ff00,ff00, 100, 101,   1,   0, 100,   1, 100,   1,ff00,   0,   1,   1,ffff
   1, 100,ff01, 2ff, 101,   1,ff00,ff00,  fe, 100,   0,ff00,  fd,   0,ff01,ff01
 101,   2,ff00, 1ff,   1,feff,ff00,fe01,ffff, 200,  ff,   0,   1,   1, 100,ffff
   0,  fe, 1fe, 1ff,ffff,  ff,   0,ff00,  ff,fdff,   0,ff00,ff01,ff01,ff00, 101
 1fe, 100, 100,ff00,ffff,ff00, 1ff, 1ff,   0,   1, 101,ff02, 1ff,   1, 200,ffff
 1ff,  ff,   0,   0, 100,   2,ff01, 2ff,   2,ffff,ffff, 1ff,  ff,   0, 100,ff00
ff02,ffff,  ff,   0, 1ff, 1ff,ff01,fe00,ffff,ff00,   1,   1,   1, 100,   1, 200
ffff,   1, 101,  ff, 100,   1,   0, 100,ff01, 101,ffff,  ff, 102,ff00,  ff, 1ff
ff00,   0,ff00,   0,  ff,ff01,   1, 101,  ff,ff01, 101,ff00,   2,  ff, 101,ff01
ff00, 101,   0,   1, 1ff,ff01, 100,  ff,fe00, 201, 100,   1, 1ff,   2, 100, 1ff
  ff,ffff, 101,ff01, 200, 100, 101, 100,  fe, 200,ff00,ffff,  fc, 101,   0,ff00
   1, 1ff,ffff,  ff, 102,   0,  ff,   0,  ff, 301,  fe,  ff, 103,   2,   0,fd02
ff02,   1,   0,ff00,ff01, 101, 100,  ff, 301,ff01,  fd,   0,  ff,ff00, 100,fffe
   0,  fd,   0, 3ff,   1,ff00,fbff,ff00,   0,   0,fe00,fe00,  fe, 101, 100, 1ff
ffff, 200,   0,   1,   0,ff01,  ff, 300,ff00, 300,   0,   2,ff03,   1, 1ff,fe00
 100,   1,   1, 4ff,  fd,ff00,   0,   0, 300,fcff,   3,   0, 100,  fb,  ff,   1
  ff,   1,  ff, 100,   0,   0, 100,ff01,ff01, 101,   0,   2,fffd,ff00,fe00,   1
ff00,ff01, 102,   0, 1ff, 101, 1ff,   0,   0, 1ff,  ff, 101,   0, 101,  fe,  ff
ff00, 101,   1,ff01,   1,   0,ff00,  ff, 1ff,   1,ff00,  ff, 100,   2,   0,ffff
  ff,   2, 2ff, 2ff,ff00,ff00, 100,   0,fffd, 100, 1ff,   2,  fb,  ff, 1fe, 100
   1, 1ff,   0,ff00,fe03,   1, 100,fe00, 100,fb00, 1ff, 2fe, 102,   1, 101,fe00
  fe, 1fe, 100,   1, 101,   0,ff00,   0,fc01, 201, 102,  ff,   0,   3, 202,ff00
 2ff,ff00,ff00,   1,ff00, 101,   0,   0,  ff,   1,   1, 2ff,  ff,  ff,ff00, 100
   1,ff00,  ff,ff00,   2,  ff,ff00,   1,ff01,fd01,   2,ffff,   0,   1,ff00,fe00
ffff,   1,   0,   1, 102,ffff,   1, 2fe,ff00, 100,ff01, 1ff, 1ff,   3, 100,  ff
 101,   2,ff00,   0, 100,feff, 201,   0,  ff,   0,   0,   0,   1,   1,ff00,   0
ff00,ff00,ff01, 1fe,   1,ff01, 100,feff, 101,   0, 1ff,fffe, 1fe, 101,  ff, 101
fffe, 1ff,  ff, 3fe,ff00, 101,   1,fe01,   1,ffff,ff02,ff00, 1ff,  ff,   0,  ff
 101,ff03, 200,   1,fe00, 100, 301,   1, 1fd, 1ff, 101, 101,ff02,  ff,ff01,   0
ff00, 1ff, 1ff, 1fc,fe01, 1fe,   0,ffff,  ff, 1ff,ffff,ffff,   1,ff01, 100,feff
 1ff,  fe,   1, 1ff, 101,  ff,  ff,fd00,  ff,ffff,ff00, 100, 101,ff00,ff02, 100
   1,ffff,   1,ff00,   0, 1ff,ff00,   0,  ff,ff00,ff00,ffff,   3,  ff,ff00,  ff
ff01,ffff,  ff,ff00,ff02,ff01, 1ff, 100, 102, 3ff, 101, 100,   0, 1ff,   0,fd01
   1,  ff,   0,   0, 1ff,ff01,  ff, 2ff, 301,feff,   0,   0,   1,ffff, 101, 1ff
 100,   2,ff00,ff00, 100, 2ff, 1ff,ff01,  fe, 1ff,  ff,   1,   1,ffff, 1ff, 1ff
   0,ff01,   0,ff01,   2, 1ff,   0,ff00,ff01,fe00, 201, 100,ff01,   1, 1ff, 1fe
 2fe, 1ff,  ff, 2ff,ff00,   1,ff02, 2ff,ff00, 1ff, 101,  ff, 100,ff00,  ff,ff01
ffff, 101,   1, 101, 1ff,   1, 1ff,   0,  fe,  ff, 1ff, 100,   0,ff00, 2ff,fe00
 100,   0,   0,   1,ff02, 101,  ff, 3ff,ff00,feff,   1,fe00,ff01,ff01,ff01, 100
 101,   2, 101, 100, 1fd,ffff, 100,ff00, 101, 1ff,ff02,fe01,  ff, 1fc,ff01, 1ff
   1,ff01,   1,   1, 100,   0, 200,ff01, 100, 100, 1ff, 100,  fe,ff00,   0,ff01
ff01,ff00,ff00, 1ff,ff00, 1ff, 100,fd00, 100, 401,ff01,   0,ff00,   0,   0,   1
 100, 1ff,ffff,ff01,   0,ff01,ff00,   0, 1ff,fe00,  fe,  ff,  ff,ff00,ff01,   1
ff01, 1ff,  ff, 2ff, 2ff,   0,   0, 100,   6,ff00,  fe, 1ff,fffd,   0,feff,ff01
ffff, 100,  ff,  ff, 1fb,ffff,   0,fb00,ffff, 200,ff00, 1fe,ff03, 100,ff00,ff00
 1fc, 1fd,fe00,   0, 1ff, 1ff,ff01,ffff,   1,ff01,   1,   0, 100,   1,fffe, 102
ff01, 100,   1,   0,ff01,   2,   0,   0,ff00,   0,   1, 2ff,fffc,ff02, 100,  ff
   0, 101, 100, 1fd,   0, 100,   0,ff00,ff01, 200,feff, 2ff,ff01,   0,   0,ff00
ff01, 100,   0,ffff,ff02,ff00,  ff,ff02, 100,   0,   1,   0,ff00,   1,ff01, 100
   0, 1ff,   0,ff01,feff,   0,fe01,   0,   0, 100, 1fe,   0,  ff,   1,fe00,ff00
   0,   1, 101, 1fd, 100,   1,   0, 300, 1ff, 1ff, 1ff, 102, 100,ff00,   1,ff01
 101,   1,ff01,  ff,   2,   2,fffe,ff01, 101,ffff, 1ff,ff00,   0,ff02,ff01, 1ff
 1fe,ff00,   1, 100, 100,ff00,   0,ff00,  ff,ff01,ffff, 1ff,   1,  ff,   1,ffff
 100, 1ff,ff00, 101, 100,ff00,   1, 2ff,ff01, 100,ffff,ffff, 1ff,ff00,   0,ff01
ff00, 1ff,   1,ff00, 100,   0, 100,ff00,ff00, 1ff, 2ff,ff00,   0,   0,ff00,ff01
 100,ff01,  ff, 1ff,  fe,  ff, 100,   0, 1fe,   0, 200, 101,ff03,ff00,ffff, 201
 100, 1ff, 1fe, 100,fe01,ff00,  ff,fe00, 1fe,ff02, 1ff, 1ff, 1fe,  ff,   0, 3ff
 1fe,  ff,fffe, 1ff,   2,   0,fe01, 100,   1,  ff, 102,   1, 1ff,   0,  ff, 100
 2fe,ff01, 100, 201,ff00, 101, 100,   1,  ff, 1ff, 1ff, 102,   3,ff00,   0,  fe
  ff,  ff,   1,  fe,ff02,  ff, 2ff,   1,fe01,fc01,  ff,ffff, 101,   0,ffff,   0
   1, 100,  ff,ffff,   0, 102,fffe,fe01,fc00, 2ff,   1,   0,ff00,   1, 102,ff00
  ff, 101,  ff, 101,   1,   0,   0, 1ff,   1, 2ff,ffff,   1,ff01,ffff,   0,ff01
 1ff,fe00,   0,   0,ffff,ff01,   0,ff00,   1, 200,fe01, 100,  ff, 1ff,   0,fe01
   1,ff01,   2,  ff,ff01, 1ff,ff00,ffff, 3ff,fe01,   0,  ff,  ff,   1,   0,  ff
  fe,  fd, 100, 101, 1ff,ff01,fdff,ff00,   3,ffff,ff00,fefe,ff02, 1ff,   0, 200
 100, 1ff, 101,  ff, 1fd,ffff,ff01, 3fe,ffff,   0, 101, 100,   0,ffff, 1ff, 2ff
ff02,   1,ffff, 1ff, 102,  ff, 100,ff00,ff01,  ff, 103,fe01,   0,   2,ff00, 101
 100,   0, 1ff, 1fe,   1, 1ff,   0,   0,  ff, 101, 101, 201,  ff, 101, 101,   1
   0, 1ff,   0,ff00,ff01, 1ff,ff01,ff01,ff00, 100,ff01,ffff,   0,  ff,  ff,ff00
ffff, 1ff, 1ff,ff00,ffff, 101,   1,  fe,  ff,ff01,fffe,   0,ffff, 1fe,ff01, 1ff
   0,ff00,fe01,ff00, 100,fe01,fe01,   0, 1ff,ff01,   0,ff01,  fe,ff00,   0, 100
 1ff,fffe,ffff,   0,   0,ff00,ffff,   1, 1ff, 3ff,ff00, 201,  fe,ff00,  ff, 4ff
  ff,   0,  ff,ff02,   0,ff01,   0,  ff,   0,ffff,   0,  ff,   1,ff02, 1ff,   2
   1,ff02,   1,ffff,ffff,ff00,   0,   1, 1fd,ffff, 101,ffff,   1,ffff,   1,fffe
ff01, 101,  ff,   2, 103, 200,   0, 2fe, 2ff, 200,ff02,   2,ff00, 100,   1,ff00
   3,ff01,ff00,fe00,   0,   1, 1ff,   0, 1ff,   0, 1ff, 100, 1ff,  fe,ff00,  ff
 101,  fe,   0,   1,ffff,ff00,fe00,   0,fffc, 100,  fe,ffff, 103,   0,feff,ff01
ffff,ff00,   2,   0,   4, 1ff,  ff,fe00,   0, 8ff, 100,fffe, 101,   0,   1, 2ff
  fe, 2fe, 101,fd00,ffff, 100, 101, 101, 202,fc00,fffd, 100,   0, 2fe,   0,   2
 100,   0, 1ff,   1,ffff,   1,ffff, 100,   1, 100,  ff,ff01,   1, 1ff,feff,ffff
 100,   1,ffff,   1,  fe,ff00, 100,   0,ff02, 100,ff00, 101, 1ff,   1,ff01,   1
   1,ff01,   1,ff02,   2, 200, 201,  ff,   0,ff01,fffe,   1, 100,ff00, 101, 2ff
 200, 2fd,ffff, 201,ffff, 201,fdff,ff00, 104,   0,ff00,fd01, 101,ff00,  ff,   1
ff01,ffff, 1ff, 100, 1fb, 102, 101,ff00,ff01,fc00,  ff, 200,   3,   2,   1,fd01
 100,   0,   0,   0, 103,   1, 101,fe00,fe00, 300,   1,ff01, 100,ff05,ff00, 1ff
ff01, 103, 101,fe00,fe00, 1ff, 200,ff01,  fd,   0,  ff, 102,ff04, 100, 1ff, 100
ff00, 1ff,ffff, 1fe, 102,   1,   1,ff00,ff00, 400,  ff, 101,fffd,   0, 101,fe00
   0,ff01,   1, 300,ff02,ffff,   1,ff02, 200,fe00, 100,   0,   1,   3,ff00,ff01
feff,ffff,  fe, 101,  ff,  ff, 100,ff00, 1ff,   0, 1ff,   1,  ff,   0,   0,   0
 100, 100,ffff,   0,   2,ff00,ff00, 201, 100,fe00,  ff, 1ff,ff00,ff01,fffe,ffff
fe00, 101,ff00, 3ff,   1,fe00,  ff,  ff,  ff, 101, 100,ff01,   1, 1ff,   1,ff01
 1ff,   1,ffff,ff00, 101, 1ff, 100,   1,   0,   1,  ff,   0,   0,   1, 100, 101
ff01,  ff, 101,  ff,fe00,   0,   1, 1ff,ff01, 200,   1,  ff, 1fe,ff01,   0, 100
ff01,ff00, 100,ff00, 100, 201, 101, 100,ff00,ff01,ff01,ff01, 100,ff01,   0, 101
   1, 100,ffff,feff,   0,ff00, 100, 100,   1, 100, 201, 201,  fd, 101,feff,   1
  ff, 1ff, 100,ff01, 1fe,ff00,fffe,fe01,ff01,   1,ff01,ff01,  fe,   0,   1, 300
 1ff,   0,ff01, 200,   0,fe01,fe01,ff01, 100, 101, 102,  ff, 1fe,  ff,ff00,ff01
ff00,fffe,  ff, 101, 1ff, 101,   0,ff00,   1,ff00,ffff,ff01,fffe, 101,   0, 201
 100,ffff,ff00,   0,   0, 1ff,   1,   0,ff01, 101,ffff,ff00,   1, 1ff,   0,   1
 1fe,  ff, 100,ffff, 103, 1ff,   1,   0,fe01, 101,ff00,   0,ff01,ff01,   0,ff00
 1ff,   1, 100,ff01,fe00,ff00, 102,   0,   3, 100, 2ff, 202,  fd,   0,ffff,ffff
ff00,ff00, 200,ff03,ffff,   0, 101,fe00,  ff, 501, 101,  ff, 1fe,   0, 100,fe00
 1fe, 1ff,   0, 100,  fd,ff01,ff01, 4ff, 201,fe01,fe00,   1,ff01,fffa, 201,  ff
   1,ffff, 100,ff01,ff01,ff01,   1,ff00, 1fe,ffff, 100, 200,ff01, 100,fe01,ffff
ffff, 1ff,   1,   1, 102, 100, 2ff,ff00,  ff, 2fe,   0,ffff,ff01, 101,ff01,   0
 100,ff00, 101,ff01, 100,ff00, 1ff,   0,   1,   1,ff01,ff01,ff00,   0, 101,ff00
ffff, 101,ff00,  ff, 101, 1ff, 1ff, 100,   0, 100,ff00,  ff,  ff,   0,fe01,ff01
   2, 101,ffff, 1fe,   0,feff,   1, 100,ff00,   1,  fe,fe01, 1fe,  ff,  ff,   0
  ff,  ff,ff00, 100, 101, 101,ff01,ff01,fffe,ff01,  ff,   0,   1,fe01,ff01,ff01
fe01,ffff,   0,ff00, 1ff,ff02,   0,   0,   2,ff00,   2,fe00,fffe,   0,ff00,   0
  ff,ff02,   0, 1fd, 1ff, 101, 1ff,ff01,ffff,fe00, 1ff,ffff, 102,fe00,   1,  ff
 100,ffff, 100, 300,  ff,   0,ff02,fc00,   0,  ff,ff02,ff01, 1ff, 1fe,ffff, 100
 100,   0,ff00, 100,   0,   0,ff00,ff01,ff01,   0,ff01,   1,   2,ffff,ff01, 100
   0, 200,  ff,   1,ffff, 1ff,ff01,   0,  fe,fffe, 1ff, 101,   0,   0,ff01, 101
ff00,   0,  ff, 300,  ff,   0,  ff, 100, 1fe,  ff,ff00,   0,   0, 1ff, 100, 100
   1, 1ff,   1, 1ff,   0,   1,   0,ff01,   1, 1ff,   1,  ff,ff00,   1,   0,ff00
 1ff,  ff,  ff, 100,   0,   0,   0,   0,   0,   0,   0,   0,   0,   0,   0,   0
   1,   2,fffe,ff01,   0, 200, 201, 100, 1ff,   0,   0,  ff, 1fd,ffff, 100,  ff
 1ff,ffff,  ff,ff02,ff01,ff00,   0, 300,ff01,feff,ff01,   2,   0,  ff,ff01, 100
ff01,   0, 1ff, 1ff,  fe,   0, 101, 101, 100, 101, 201, 1ff,   1,  fc,   1,  ff
 100,ff01, 100,  fe,ff00,  ff, 201,ff01,ff00, 100,   0, 201,  ff,   1, 1ff,fe00
   2,ff02,ff01,   0, 101,fffe,   1,fd00,   1,ff00, 101,  ff,ff02,   1, 100,   1
   0,  ff,   0,  ff, 1fe, 100,   1,   0,ffff,ff01, 1ff,fe00,   0,  fc, 100,  ff
 101,  ff,ffff,ffff,ff00, 101,  ff,   0, 100,ff00,   0, 100,   2, 100, 101,  fe
 2ff,ff00, 100,   0,ffff, 101, 100, 3fe,ffff, 101,ff01,  ff,  fd,   1,   0,   1
 100,ff00,ff01,ff00,ff00, 1ff,ff00,   0,ff00,   2,fffe,ff02,  ff,ff01,  ff,ff01
ff01, 100,   1,fe01,ffff,fffe, 100, 1ff,  fe,   1,ff02, 100, 101,ffff,   1,ffff
ffff,fffe,   0,   1, 102,ff01, 1ff,ff00,   2,   1,ff01, 101, 1ff,   0,   1, 101
   0,ff00,   0, 101,  ff,ff01, 100,  ff, 1ff,ff01,ff00,ffff, 101,  fe,ff00,   0
ffff,ff00,  ff,ff01,ff00, 101, 100,ff00,  ff,   1, 1ff,   2,  ff,   0,   0,   1
 201, 100,ff00, 1fd, 101, 101,  ff,fe01, 100,  ff,ffff,fe00,   0,ff01, 100, 2fe
ffff, 100,ff00,ff00,   0,  ff,   1,fe02, 100, 100,ff00, 100,ff00, 1ff, 100,fe00
ff00,ff01,ffff, 3ff, 2ff,fe01,ff01, 100,  fb,  ff, 101,   0,  ff, 100, 100,ff00
   1,   2, 1ff,ffff,ff03, 100,   0, 1ff,  ff, 400,ff01, 100, 105, 100,   0,fd00
ff01,ffff,ffff,ff00,   0, 1ff, 102,   0, 302,   1,fffd,ff01, 1ff,   1, 1ff, 100
   0, 1ff,   0,   0,   0,   1,   0,   0,   1,ffff,   0,ffff,ff02,  ff,  ff,  ff
   0, 100,ff00,   0,  ff,ffff, 100,feff, 101,   1,ff01, 201,   0,ff00,   0, 2ff
   1, 1ff,ff01,   1, 100,ff01, 101, 1ff,   1,ffff,   0,ff00,   0, 1ff, 1ff,ff00
ffff, 100,   1, 201,   0,ff00,   0,   1, 1fe, 101, 201, 101,   1,ffff,ff00, 1ff
 101,ffff,   1,   1,ff02,feff,   1,fe02, 101, 3ff, 101,  ff,   2, 100,ff00,fe01
ffff,   0,ff00,ff00, 2ff, 1ff, 1ff,  ff, 200,feff,  ff,ff00, 101,   0, 2ff,  fe
  ff,fffd, 100, 201, 1ff,   1,fe00, 1ff,  fc,ff00, 101,  ff,   0, 1ff,   1,feff
 1ff,  ff,ffff,ffff,ff05,   1,   1, 1ff,ff00,fc01,ffff, 100, 100, 101,   0,ff01
   1, 100,   1, 300,   1,ffff, 2ff, 101,feff, 101, 103,  ff,ff01, 1ff,   0, 100
ff00, 1ff, 101, 100,fefe,  ff,ffff,  ff,ff03,ff00,fefe,feff,ffff,   1, 2ff, 101
ff01, 2ff, 101,   2, 1fd,   1,ffff, 200,   0,fb00, 102,   0, 100,  ff, 1ff,  ff
ff00,fe02,   0, 1ff,ff01,ff01,   0, 1ff,feff, 200, 102,  ff, 1ff,  ff,  ff,  ff
 1ff,ff01,  ff,  fe,   1,   0,ff00,   0,  ff, 100, 101,ffff,ff00,ff01, 100,  ff
ffff,   0,  ff,ff01,ff01, 1ff,   0, 100,   2,ff01,  ff, 100, 1fe,ffff,  ff,   0
ff00,   0, 1ff, 100,ff00,ff01, 101,ff00, 101,  ff,ff00,   1,   1,ff01,  ff,   1
   0, 100,   0, 100,  ff, 100,   0,   0,   0,ff00,ff01,   0,ff00,   0,  ff,   1
 1ff, 1ff, 100,fffe,ffff,ff00, 1ff,ff00, 1ff,   0, 101, 101,  ff, 100,  ff, 2ff
ff00, 100, 100, 1ff,   1,   1, 102,ff02,  ff,ff00,ff00,  ff,ff01,ff01, 1ff,   1
 100, 100,   1,ffff,fffe, 101, 200,  ff, 100,  ff,   0,   0,  ff,  ff, 3ff, 1ff
 1ff, 100,  fe, 1fd,  ff, 1fe, 100,ff00, 200, 100,ffff,   0,   2,  ff,   1,ff00
ff02, 101,   1, 100,  ff,   0, 100,feff,   1,fe01, 202,   0,ff01,  fc, 1ff,  ff
 1ff, 1ff, 100,   0, 100,ff00,fe00,   0, 2fc, 100,  ff,ffff,  fc,ff01,   0, 1ff
   0,ffff,   0,  fe,ff02,ffff,   0, 4fe,ff00,fe00,ff00, 202,  fe, 1ff,   1, 3ff
   1,   0, 101, 100,ff01,   0, 200,ffff,fe00,  ff,ff01,  ff,  ff, 101, 100,ff00
feff,ff02, 1ff,   1,  ff,ff01, 201, 1ff,   1,ff00,ff00, 101,ff02,ffff,ffff,  ff
ff00,  ff,ff00, 1fd,  fe,ffff,ffff, 1ff,ff00, 1fe, 1fe,fe01,ff03,   0,   0,   1
   0,ffff, 2ff,ff00,ff00,   0, 101,fe01,ff00,  ff,fffe,ff00,   0, 1fe,   1,ffff
   1,ff00, 1fe,   1,ff01,  ff, 1ff,  ff,ff00, 1ff, 101,ff00,  fc, 101, 101,feff
ff02, 101,   1, 1fe,ffff,   2,ff01,   0, 102,ff01,ff00,fe01,   1, 101,  ff, 100
ff01,fe01,ffff,ff01,  ff,ff00,  ff,ff00,   0, 101,  fe, 101,ff00,  fd, 2ff,  ff
 1ff,ff03, 200,fe01,   1,   1, 3ff,   1, 100,feff,   0, 200,ff00,   0,   0,ff01
   1,ff01,  ff,   0, 1ff,   1,ffff,fd02,fffe,   0,   0,  fd,  ff,   1,ff00, 200
 1fe,feff,  ff,ffff,   0,   1,   0, 100,   1, 100,  ff,   0, 100,  ff,ff01, 200
   1,   1, 101,feff,   0,feff,ff01, 100,ff02,   1,ff00, 101,  ff,   0,  ff,  fe
   0, 101,   1, 1fe,ffff,   0,   0, 100,ffff,fe00,ff00, 101,ff01,  ff, 100,ffff
 101,   0,ff00,feff,  ff,   0,   1,   1,fd01, 201,   0,ff00,   1, 100,ff01,   0
   0,ff02, 100, 100,   1,ff01, 1ff,   0,   1, 100,   0, 2ff,   1,   0,ff00, 1ff
   0, 1ff,  ff, 1ff, 1ff,   0, 100,   0,  ff, 2fe,   1,ff00, 1ff,   0,  ff,ff01
ff00,   0, 100,   1,   1,ff00, 100, 1ff, 3ff,   1,ffff, 100, 100,ff00,ff00, 100
ffff, 100, 101,fe00,fefe, 101, 100, 1ff,   1, 1ff, 101,  ff,   3,ffff,ff01, 102
  ff, 1ff,   0, 101,  ff,ff00,ffff,fd01,ff00,feff,ff02,   0,fffe,   0,  ff,fd00
 1ff,  fe, 1ff, 4ff, 100,fe01, 101, 2ff,   0,fffe, 103,  ff,   1,   0,ff01,  fe
   1, 100, 100,ffff,fe00,  ff,   1,ff01,ff00, 1ff, 1ff, 101,ff00, 100, 1ff,fffe
ff01, 1ff,   0, 1fe,   0,   2,ffff, 2ff,ff01,fe01, 1ff,feff,ff02, 101,  ff,ffff
 101,ff01,ff00,ffff,ffff,ff01,   1,fd00,fd02,   0, 101,ff00,ff01,  ff,   2,ff00
   1, 103,ffff,  fe, 100, 100, 3ff,   1,   0,ff01,  ff, 100,ff00,   1,ff01,   0
   1,   0, 1ff, 101, 100, 101,ffff,ff00,ff01,   0,  ff,  ff, 101,  ff,   0,fe00
  ff,  ff,ff01, 2fe,fe00,ff01,ffff,ff01, 200,   2,   1, 1ff,   0, 1fd, 100,  ff
ff01,ff00,ffff,ff01,ffff,  ff,ff01, 100, 1fd,ff00,ffff,fefe,  ff,   0,ff01,   0
fe00,   0, 1ff,   1,fe04,  ff,  ff,   1, 101,   1,ffff, 200,ff01,ffff, 1ff,  ff
ff01, 101,ffff,ff01, 1ff,   1, 102,   0,ff00, 1ff,   1,ff00,ff01,ff00,ff00,ff00
 101,ff01, 1ff,feff,ffff, 101, 1ff,   0, 1fe,ff00,  ff,ff01, 100,ff01, 1fe,   0
 101, 1ff, 100,  ff,ff01,feff, 100, 2ff,   0,fd01,  ff,ff02,  ff,  ff,   0,ff00
   1,   2,   1, 2ff,   2,  ff,ffff,   0,fe01, 101, 101,   0,   0,   1,ff01,ff01
  fe, 102,ffff,   0,ff00,  ff, 100, 1ff,ff01,ff00,   1, 2ff, 1ff,ff00,fe00,  ff
  ff, 1ff,   1, 1ff,   0, 201, 100,fe01,   0, 100,   0,   0,  ff,ff01,  ff,ff00
ffff, 100, 1ff,ffff, 101, 200, 1ff,fe01, 2ff,ff01,ff00,  ff,  ff,   1, 100, 100
 101, 100,  fe, 1ff,   1, 100,   1,   0, 100,   0,  ff, 101,  ff,   0,   1,ff01
 1fe,ffff,   1,ff00, 1ff,   1,   0,   0,ff02,ff00, 100,ff02,  ff,  ff, 1fe,ff01
   0,ff00,   1,  ff,   2,  ff,ff00, 1ff,fe01, 100, 1ff,ff00, 100,ff02,   1,ff01
   1,feff,fe01, 201,  ff,  ff,ff00,ffff, 1fe,ff00,fe00,fffe,   1, 100,   1, 101
   1, 101, 1ff,ff00, 102,ff01,  ff, 1ff, 1ff, 101, 100, 100, 103,ff01,  ff,fd00
  ff,   1,   0, 1ff,ff01,ff01,ff01, 200,  ff,fe01, 100,ffff, 1ff,   0,ffff,ffff
  ff,   1,ff01,ffff, 100,ffff,   0,   0,ffff,   1, 100, 100,  fc, 100,fe00,  ff
ff01,   1,   1,ff01,ff00,ffff,  ff,fd00,   0,ffff,ff00,  ff,  ff,   0,  ff, 400
 1fe,ffff, 101,  ff, 101,ff00, 100, 2ff,ff00,   1,ff02,   1,ff00,ff00, 1ff, 101
 100, 100,   0, 101,ff00,ff00,   0,ff01,   2, 101,   0,   0,   1, 100,   1,   0
ff01,ff00,  ff,ffff,fffd,   1,  ff, 200,ffff,fe01, 101,ff01,   1,ffff, 1ff,ff01
ff01,   0,ff01, 2ff,   1,   0, 102, 101,fe00, 100,  ff,ff00,   0,fe02,ff00,  ff
   1,  ff, 101, 1ff, 201, 101,ff00,   0, 1fe,   0,  ff,ff01,ff01,   1,   0, 102
   1, 1ff,   0,   0,   3,   0, 100,ff00,   1,fd00, 201,   1,   1, 1ff,  ff,   0
 1ff,fe01,   0, 100,   0,feff,   1, 1fe,   1, 1ff,   2,   0, 1ff, 1fe,   1,  ff
ff00,ff00,fe00,fe00, 1fe, 200, 100,   0, 1ff,fe01, 1ff, 2ff,fffd, 102,   1, 200
 100,ffff,ff00,  ff,ff00,ff00,   0,  ff,ff00,fd01,fe01,ff01, 1fe, 1fe,ff01, 100
ff00, 101,ff01, 2fe,   0,   1,  fe, 100,ffff,  fe,   3, 1fe,   0, 1ff,ff00, 101
  ff, 1fe,ffff,  ff,ff01, 2ff,fe00,ff01, 1fe, 1ff,  fe,  fe,   6, 1ff,ff00,ff02
 101,ff00, 100,ff04,   2,feff,   1,fd01,   1,fb01, 101,ffff,   2,   1,   0,fe01
ffff,feff,   1, 3ff,ffff,ff02,   0, 4ff,feff, 1ff, 103,   0,ff01,   2,  ff,   1
fe00,ffff, 1ff,ffff,  ff,ff01,ff00,ff01,   3, 101, 101,ffff,ff02,   1, 100,  ff
feff, 2ff,ff01,ff02, 1fd,ff00,ff00,fe00,ff00,feff, 101, 100, 1ff,  ff, 100,fdff
ff00,ffff,   1, 2ff, 1ff,ff00, 1fe, 4ff,   0,   0,   1,ff00, 1ff,   3,ffff, 1fe
  ff,   0, 201, 102, 101,  ff,ff00,   0,  ff,   0,  ff,fe00,   0,   0, 2ff, 101
 1ff,ffff, 100,ff02,   1, 100,  ff, 200,   0,fd00, 200,ff01,   0,   1, 100,fe00
ff02, 101,  ff,   0, 1ff, 1fe, 201, 2ff,ff00, 201,ff02,   0,  ff,   0, 100,   0
   0,  ff,ffff, 102,ffff,ffff,ff01,  ff,ff02,ff00,  ff,   1,ff01,ff00, 100,   1
ff01,   0,fe01, 100,  ff, 100,   1,fe01, 100, 200, 102,   0,ff01,ff00,ff01, 200
 100,   0, 100,ff00,   1, 101, 201,  ff, 200,   0,  ff,  ff,   1,   0,   1, 100
  ff, 1fe,   1,ffff,  ff, 100,ff01,ffff, 1ff,   0, 1ff,fe01, 100,ff00, 100,ffff
 2fe,fffe,  ff, 1ff,ff00,ff00,   0,  ff,  ff,  ff, 1ff, 202,   0,   0, 101,   0
ff02, 2ff, 101, 100, 101,   1, 101,ff01,   1, 1fe,ff00, 1ff,   0,   0,   0, 1ff
ffff, 100, 101,   1,fe00, 100,   0,ff01, 100, 1ff,  ff,   0, 100, 1ff,ffff,ffff
 101,  ff, 100,   0,  ff, 101, 1ff,fe01,   1,  ff, 101,  fe,  ff,   0,ff00, 101
  ff,ffff,ffff,   0,  ff,   0,  fe, 1ff,ff01, 1ff,   0,   0,   0, 1ff,   1,fe02
  ff,   0,ff01,fe02,ffff,ffff,   0,   0, 101, 101, 1ff, 100,  ff, 100, 1ff,fffe
 100, 101,ffff,   1,fffe,ff02,ff00, 1ff,ff01, 101,   1, 100,   0,  ff,   0,   0
ff00,ff01,  ff,ff01, 101, 2ff, 100, 100,ff01,ff01, 1fe,ff00,ff01,ff00,   0,   0
 100,  ff, 1ff,   1, 100,ffff,   1, 1ff,   0,ff00, 101,   0,fe01,   0,   0, 1fe
ffff, 101,ffff,ff01, 1ff, 1ff,   0,   1,ffff,fdff,   1, 100,   1,   0,  ff, 2ff
 1fe,  ff, 101,ff02,  ff,   0,   2, 1ff,   0, 3ff,  ff,ff01,   1,  ff,fe00,fe00
  fe, 201,ff01,ff00,ffff, 101, 101,   1,   1,ff01,   1, 2ff, 103,   0,   1,ff00
ff01, 100,   1,fffe,  fe,ff00,ffff, 300, 1ff,ff00,  fe,ff02,   0, 1ff,   0,ff01
   1, 101, 101, 100,ffff,ff01,ff00,fe02,ff01, 1ff,   0, 1ff,   0,fffd,   0,   0
 101,  ff, 1ff,ff02, 101,ffff,   0,   0,ff00, 100,  ff, 100, 101,ffff, 1ff, 1fe
 1ff,ff02, 101,   0,   1,ff01, 101,ff01,  ff,ffff,  ff,   0,  ff, 101,ff01,  ff
 101,ff02, 100,ff00, 2fe,  ff,  ff, 101,  ff, 1ff, 100,   1, 100, 1ff,  ff, 201
 2ff,ff01,ff01, 100,ffff,   0,  ff,ff00,   1, 1ff,  ff,ffff,ff00,   1,  ff,ffff
 100,  ff,ffff,  ff,  ff,ffff,   0,ff00,  ff,fe01,  fe, 1ff,ff01,ff00,   0,fe01
   0, 201, 1ff,   1,ff00,ff00, 100, 100,ff01,   0,   0,ff01,ffff,  ff,   1,   1
 100,   0,   1,   0,   1,   0, 100, 100,   0,   0,   1,   1,ff00,   0,   0,ff00
  ff,ff00, 100,   0,   0,   0,   0,   0,   0,   0,   0,   0,   0,   0,   0,   0
   0,   0,   0,   0,   0,   0,   0,   0,   0,   0,   0,   0,   0,   0,   0,   0
   0,   0,   0,   0,   0,   0,   0,   0,   0,   0,   0,   0,   0,   0,   0,   0
   0,   0,   0,   0,   0,   0,   0,   0,   0,   0,   0,   0,   0,   0,   0,   0
   0,   0,   0,   0,   0,   0,   0,   0,   0,   0,   0,   0,   0,   0,   0,   0
   0,   0,   0,   0,   0,   0,   0,   0,   0,   0,   0,   0,   0,   0,   0,   0
   0,   0,   0,   0,   0,   0,   0,   0,   0,   0,   0,   0,   0,   0,   0,   0
   0,   0, 100, 100,ffff,   1, 1ff, 102,   2,ff00,ff00,   0, 200, 100,   1,  ff
 100,  ff, 100,   0,feff,fe00,ff01, 2ff,   0,   0, 1fe,   2, 202,   0,   0, 102
   0,   0,ff00,   0,  fe, 201, 101,   1,   0, 100,ff01, 100,  ff, 101, 1ff,   0
ff00,ff00,   0,   1, 201, 101,   0, 100,   0,   0,   0,ff01,ff01,ff00,   0, 100
ff00, 100,  ff,ffff, 1ff, 101, 1ff, 100, 100,   1,   0, 101, 100, 100,   0,ff01
ffff,ff01,   0,   1,   0,ffff, 2ff,   0, 1ff,   0,  fe,   0,   1,   0, 1ff, 100
 100,   0,ff00,   0,ff00,  ff, 102, 1ff,   0,  ff,   1,ff00, 100,ff01,  ff,   0
   0,ffff,   0,   0,   0,  ff,ff00,   0,   0,ff00,fe00,ff00,   0, 101,  ff,   0
  fe,   0,  ff,   0,   1,   0,fffe,   1,  fe, 101,   0,fe00, 1ff,ff00,ff00,  ff
 101, 102,   0,  ff,   0,   0,ffff,  ff,  ff,  ff,ffff,  ff, 101,ff00,   1,ff01
  ff,   0,   1, 100,   1, 101,   1,   1,ff00,ff00,  ff,  fe,ff01,ff01,   0,  ff
 100, 1fe,   1, 100,ff01,ffff,ff00,   0,  ff,ff00,feff,   0,   0,   1,   0,   0
ff00,ff00,ff00,ff00,ff00, 1ff, 101,  fe, 101,   0, 200,ff00,  ff,   0,  ff,ff02
 1ff,ff00,ffff,ff00,   1,ff00,   0,   0,   0,ff01,   1,  ff, 101,   0,   1, 1ff
ff01,ff00,   1,   0,ff01,ff00,   1, 101, 100, 100,   0, 103,   0,ff00,ffff,ff00
   1, 202,   1,ffff, 1ff,   1,   0,   0,ffff,fe00,fd01,   0,   0, 100, 100,   0
  fe, 100, 1ff,ff00,ffff,   0,ff00, 101,ff00,ffff,fe00, 100, 101,   1,   0,ff00
 100,ffff,ff00,   0,   0,   0,  ff,ffff,ff00,ff01,ff01,ffff,   0,   0,   0,ffff
 100,   0,ff00,ffff, 301,  ff,   0,   0,   0,   0,  ff, 1ff, 100, 200, 100,   1
   0,ffff,   1,ff00,  ff,ff00,ffff,   0,   1,   0,ffff,   1,   0,ff01, 101,   1
 202,ff01,ffff, 100, 100,   1, 100, 1ff,ff00, 101,   0, 101,   1, 100,   1,   0
   0,ff00,ff00,ff01,ffff,ff01, 1ff, 1ff,ff01,   0,   0, 102,   0, 101,ff00, 101
ff01,   0,ff00,   0,ff00, 2ff,   0,ff00,fe00,   0,  ff,   0,ffff, 100,   0, 101
   1,  ff,ffff,  ff, 2ff,  ff,   0,   1,ff00, 100, 101, 101,  ff,   0,fe00,  ff
 1ff, 101,ff00,ff00,   0,  ff,   0,ff01,ff00,   1,ff00,   1,ffff,   1, 100,  ff
ff01,ff01,   0,   1,ff00, 100,  ff,   0,ffff,ff00,  ff,   0,ff00, 101,ffff,ff00
   0,ff00, 100,   0, 100,ffff,ff02,   0, 100, 100,  ff,  ff,   0,   0,ff01,ff00
   0,   0,ffff,ff01, 100, 1ff, 1ff,ff00,  ff,ff00,   0,   0,   0, 100,fe00,ff00
ff01,ffff,ff00,   0,   0,ff00,   2,   0,fe00,ff01, 100,   0,   1,   0,   1,ff02
fffe,   0,   0,   0, 100,fe00,  ff, 2fe,   0, 1ff,  ff, 101,   1, 100,   0,ff00
  ff, 101,ff00,ffff,ff00,fe00,   1,  ff,ff00,ff00,   0,   2, 1ff, 201,   0,   1
 1ff,   0, 101,   1,  ff,   0, 101,   0, 2ff,ff00, 101, 1ff, 100,   1,   1,   0
   1,  ff,   1, 201,  ff,ff00,ff00,fe01,  fe, 200,ff00, 100,ff01,   0,   0,ff00
   0,   1,  ff,  ff,ff01,fd00,  ff, 1ff,   0,   0,  ff,   0,  fe,ffff,   0, 100
   0,ffff,   0,  ff,ff00, 101, 1fd,   1,   0, 100,  fe,ff01, 100,ffff,   0, 100
ff00,  fe,  fe,   0,   0,ff00,   0, 1ff, 101,   0,   0, 202,   0,   0,fd00,   1
fffd,   1,  ff,ffff, 100,ff01,ff01,feff, 100,ff00,ff00, 100,  fe,   1,ff00,ff01
 1ff,  ff,   0, 100, 1ff,fe01, 100,   0,  ff,  ff,  ff,ff00,   0,   1,   2,fffe
ffff, 100,ffff,   1,ff01,ff00,  ff,ff01, 100,   0,ffff, 102, 101,ff01, 101, 1ff
ff00,ffff, 100, 101,   0, 200,   0,  ff,  ff, 101,   0, 2ff,   0,  ff, 200,   0
 101,   0, 100,   0,   0, 100,   0,   0, 200,   0,   0,   1,ffff, 100,   0, 101
 102,  ff,   0,   1, 100, 1ff,   0,  ff,   0,  ff,   3,ffff,ff00,ff01,   0,   1
   0,  ff,  ff,   0,ffff, 100, 1ff,  ff, 2ff,   0,   1,   0,ff00,   0,   0,   0
ff00,   1, 100,  ff,ff00,ff00, 100,ffff,ffff,   1,fe00,   0,   0,ff00, 100,   0
 3ff,  ff,  ff, 101,   0,ff00, 102,   0,   0, 100,   0,   1,ffff,   1,   0, 1ff
ff00,   1,   0,   0, 100, 102,ff00,  ff, 100,   0,ff01,  ff, 101,   0,ff00,ffff
   1, 101,  ff,   0,  ff,   0, 100, 101,   0,ff00,   1,   0, 100,fe00,  ff, 101
  ff,   1,   0,  ff, 300,   0,ff01,  ff,   1,   1, 100, 1ff,   0,   0,   0, 100
ff01,   1, 100, 1fe,  ff, 100,ff01,fffe,  ff,   0,  ff,   0,ff00,  ff,   0, 101
   1, 101,   0,   0,ff00,fe00, 101, 101, 100, 100, 200,   1,  fe,ff00,  ff,fffe
ff01,   0,   0,   0, 101,  ff,   1,  ff,ff00,   0,ffff,ffff,   0, 3ff, 1ff,ff01
   0, 2ff,   0,   0,fe00,ff00,   0,   0,ff01,   0,ff00,  ff, 101, 1ff,ff00,ff00
fffe,   1,   0,   1,ff00,ff00, 102, 100,fe00,   0, 100, 1ff, 100,ff00,   0,   2
 100,ff02,   0,   0,   1,   0,ff00,  ff,   0, 1ff,ff01,   2,   1,   0,   0, 1fe
   0,  ff, 1ff,   0,ff00,ffff, 101, 100,ff01,   0,   1,ff01,   0, 101,   0,   1
   0, 201,   1,   0,ff00, 100, 1ff,   0, 2ff, 100,fe00,ff00,ffff,ff00, 100,ff01
ff00,ff00,   0,   1,   1,fe00,   0,   2,   1,ffff,ffff,   1, 101,  ff,ff00,fe00
  fe, 100,   0,   1, 1ff,ff01,  ff, 101,ff00,  ff, 1ff, 100,   0,  ff,   0,ff02
  ff,   0,ff00,ff00,fe00,ffff,  fe, 100, 200,   0,   0,   1,ff00,ff01,ffff,   0
  ff,   0, 100, 100,   0,   0,ffff,ff01,  ff, 100,ff01,ff00,   0, 101,   0,   0
   1,ff01,   0,   1,   0,ffff,  ff, 1ff, 202, 101, 100,   1, 1ff, 1ff,   0,ffff
   1,  ff,  ff,  ff,ff00,  ff,   1,ff00,ffff,   0,   0, 100,ffff,   1,ff00,ff01
 100,   0,   1,ff00,fe00, 1ff,ff00,   0, 101,  ff,   1,fffe,ff00,  ff, 101, 1ff
 100,ff01,   1, 100, 100,   0,  ff, 100,  ff,   0,   0,   1, 100,   0,   0,   0
 1fe,ff00,  ff,  ff,   0,   1,ff01, 2ff, 200, 200,   0,feff,  ff,ff00, 101, 101
ff01, 1ff,   0, 100,   1,fe00,fe00,   0,   0, 100,   1,  ff,   0, 102, 101,  ff
 100,  ff,ff00,ff00, 101,ff01,   1,ff01,   0, 1ff, 100,ff01,   1, 200,   0,   0
  ff,ff01,   0,  ff,ff00, 102,   0,ff00,ff01,ff00,  ff, 101,  ff,   0,  ff, 100
ffff,fe00,  ff,  ff, 100,   1,feff,  ff,  ff,   0,   0,   0,ff00,   0, 100,ff00
 1ff, 100,   0,   0,   0, 100, 100,   0, 1ff,ff01,  fe,  ff,ffff, 100,ff00,  ff
 101,   0, 1ff,  ff,   0,   1,  fe,   1,fe00,   0,   0,   0,   1,   1,ffff, 100
   0, 1ff,   0, 100,fe00,ff01,   1,  ff,  ff,ff00,ff00,   0,ff00,   1,fe01, 100
 201,   0,ff01,  ff,   0,ffff,ff00,ffff, 102, 1fe,fe00, 101,ffff, 101,   1,ff02
   2,   0,ff00,   0, 100,ffff,ff00, 100,   0,   1,   0, 100,  ff,   1,ff00,   0
 100,   0,   0,fe01,ff01,ff00,   2,ffff, 100,ff01,  ff,   0,ff00, 200,  ff,ff00
ff00,fe00,ff01,  ff,   1,  ff, 100,ff01,ff01,   0, 1ff, 100,ff00, 1ff, 101,   0
feff,  ff, 1ff, 101, 100,  ff,  ff,   0,   1,   1,   0,   0, 102,  ff,   0,   1
   0, 100,ffff, 100,ffff,ffff, 200,  ff,   1,  ff, 101,   1,  ff,  ff,   0,   2
 100,   0,   0,   0, 1ff,ff00,  ff, 100, 101,   0,   0,   0, 100, 202,ffff,   0
   0, 101,   0,   0,fe00,   0,ff00,ff00,   0,   0,fe00,fffe,   0,  ff,ffff, 100
 1fe,ff00,   0,  ff,ff01, 101,ff01,   0,ff00,   2, 1ff,   1,ffff, 100,  ff,   0
 1ff,   0, 100,   0, 100,fe00,   0, 100,ffff,ff00,ffff, 100,ff00,   0,ffff,fffe
 100,   0,ff00,   0,ff00,ff00,ff00, 100, 101,  ff,  ff, 100, 101,ffff,   1, 100
   0, 100,ffff, 101, 200,ff00,   0,   0,  ff, 100,   1,   1,   0,   0, 100,   0
ffff,   0,   0,   1, 100,  ff, 100, 1ff,   1,   0,   0,ffff,fd00, 1ff,ff01,   0
 1fe,   1,   0,   1,ffff,   0,fe00,ff01,  ff,fe00, 101,ff00,ff00,   0,ff00,fffe
 101, 100, 200,ffff,fd00, 1ff,   1,   0,fd00,   0,   1,fe00,   1,ff00,ffff, 101
   0, 1ff,ffff,  ff,   1,  ff, 1ff,ff00,   1, 100, 101, 100,   0,  ff, 100,   0
   0, 1ff,  ff,ff00, 100, 101, 101, 100, 2ff,   1, 100,fe00, 100,   1, 1ff,   0
ff01,   1,   0,   0,ffff, 100, 1ff,   0,   0,   0, 1ff,fffe,ff01,   1, 101,   0
   0,fe01,ff00,  ff, 100,fe01,   2,   1, 300,ff01,fffe,   0, 101,   0, 100,  ff
   0,feff,  ff,   0, 200,ffff,   0,   0, 1ff,  ff,   1,ff01,ff00,   1,ff00,   0
ffff,ff00,   0,   2,   0,   1, 101,  ff,ff00,   0,   0, 100,fe01,ff01,ffff,  ff
   2, 100, 101,ff00,   0,   1, 100, 100,   0,   0,   3,   0,ff00,   0,   1,   1
  ff,fe00,   0, 100, 101,ff00,  fe, 100, 200,ff00, 100,   2,  ff, 100,  ff, 100
   0,   0,  ff,   0,   1,  ff,fe00,  ff, 101,   0,   0, 100,ff01,   1,fe00, 100
  fe,   0,   0,   0,ff00,   0,   0,   0,   0,   0,   0,   0,   0,fffd,fefe, 201
   3, 305, 1ff,fe01,ff01,  ff,ff02,fe02, 502,fe00,fd02,fe04,ff02, 2fd, 2ff,fefe
fefe,   2,fc02, 300,fc00, 304, 300,ff00, 3ff, 4ff,fefd, 100,   3,fe00,   2,fc01
fd00,fc02,fdfe, 103, 1fc,ffff,fe01,   0,   0, 100, 201,fefc, 2fc,ff02, 2fd, 2fe
 100,fdff, 500, 2fe,   1,fcff,fffe, 401, 300, 1fd,   1,fe01, 101,  ff,ff00, 1ff
fc01, 4fc, 1fa,   1,   0, 200, 100,fefe,fdff,   1,ff03,fefc, 703, 2fe, 100, 1ff
ff00, 202,fe03, 4fc,   1,fc03,fffd,   4, 1fe, 1ff,   0, 100,fc00,fffc, 400,  fe
  fc, 301,ff02, 103,  fe, 303,   2, 201,fffe, 1ff, 101,fe00,fe02,fdfd,   2, 102
  fd,fc03, 200,fdff, 304, 202, 202, 202, 101, 202,   0,   0,   0,   0,   0,   0
   0,   0,   0,   0,   0,   0,   0,   0,   0,   0,   0,   0,   0,   0,   0,   0
   0,   0,   0,   0,   0,   0,   0,   0,   0,   0,   0,   0,   0,   0,   0,   0
   0,   0,   0,   0,   0,   0,   0,   0,   0,   0,   0,   0,   0,   0,   0,   0
   0,   0,   0,   0,   0,   0,   0,   0,   0,   0,   0,   0,   0,   0,   0,   0
   0,   0,   0,   0,   0,   0,   0,   0,   0,   0,   0,   0,   0,   0,   0,   0
   0,   0,   0,   0,   0,   0,   0,   0,   0,   0,   0,   0,   0,   0,   0,   0
   0,   0,   0,   0,   0,   0,   0,   0,   0,   0,   0,   0,   0,   0,   0,   0
   0,   0,   0,   0,   0,   0,   0,   0,   0,   0,   0,   0,   0,   0,   0,   0
   0,   0,   0,   0,   0,   0,   0,   0,   0,   0,   0,   0,   0,   0,   0,   0
   0,   0,   0,   0,   0,   0,   0,   0,   0,   0,   0,   0,   0,   0,   0,   0
   0,   0,   0,   0,   0,   0,   0,   0,   0,   0,   0,   0,   0,   0,   0,   0
   0,   0,   0,   0,   0,   0,   0,   0,   0,   0,   0,   0,   0,   0,   0,   0
   0,   0,   0,   0,   0,   0,   0,   0,   0,   0,   0,   0,   0,   0,   0,   0
   0,   0,   0,   0,   0,   0,   0,   0,   0,   0,   0,   0,   0,   0,   0,   0
   0,   0,   0,   0,   0,   0,   0,   0,   0,   0,   0,   0,   0,   0,   0,   0
   0,   0,   0,   0,   0,   0,   0,   0,   0,   0,   0,   0,   0,   0,   0,   0
   0,   0,   0,   0,   0,   0,   0,   0,   0,   0,   0,   0,   0,   0,   0,   0
